label,n,median_pct,mean_pct,win_pct_above_0,win_pct_above_25,win_pct_above_50,loss_pct_below_neg25,ticker,flow_quad,tod,peak_ge_2x
,46,18.888363292336805,-1.1037306092394472,56.52173913043478,23.91304347826087,0.0,30.434782608695656,AAPL,put_mixed,MID,8.695652173913043
,95,9.107142857142868,-5.470464632734765,54.736842105263165,18.947368421052634,0.0,29.47368421052631,AAPL,call_mixed,AM_open,0.0
,42,7.620807045673718,0.6347293615095405,57.14285714285714,16.666666666666664,0.0,21.428571428571427,AAPL,call_ask,AM_open,0.0
,43,4.715969989281881,-2.2058382216952483,62.7906976744186,11.627906976744185,0.0,20.930232558139537,AAPL,call_ask,MID,0.0
,34,1.3024602026049183,-1.1809736834440179,50.0,11.76470588235294,0.0,17.647058823529413,AAPL,put_ask,MID,14.705882352941178
,40,-4.473053706566384,-5.152456260260891,25.0,5.0,0.0,7.5,AAPL,call_ask,PM,0.0
,64,-5.087944975322911,-12.944844301908908,46.875,12.5,0.0,37.5,AAPL,call_mixed,MID,3.125
,30,-15.744302819621478,-5.8361808746390045,36.666666666666664,13.333333333333334,0.0,13.333333333333334,AAPL,call_mixed,PM,0.0
,41,-23.274853801169602,-18.072653757777914,36.58536585365854,14.634146341463413,0.0,48.78048780487805,AAPL,put_ask,AM_open,17.073170731707318
,65,-30.136986301369866,-22.6459446310812,36.92307692307693,16.923076923076923,0.0,55.38461538461539,AAPL,put_mixed,AM_open,12.307692307692308
,128,27.29432088101922,27.360810803426926,94.53125,56.25,4.6875,1.5625,AMD,call_ask,AM_open,49.21875
,392,26.264690853346956,25.39838872122852,89.79591836734694,54.59183673469388,4.336734693877551,1.2755102040816326,AMD,call_mixed,AM_open,49.48979591836735
,462,23.387077596252162,18.333547472887343,86.36363636363636,43.93939393939394,3.0303030303030303,9.956709956709958,AMD,call_mixed,MID,17.316017316017316
,239,22.722722722722718,19.061897664244288,88.28451882845188,37.65690376569037,1.6736401673640167,7.949790794979079,AMD,call_ask,MID,16.317991631799163
,86,20.43300499681532,12.361615310954805,79.06976744186046,23.25581395348837,0.0,8.13953488372093,AMD,call_ask,LUNCH,0.0
,137,19.499999999999993,10.326440857795024,75.18248175182481,22.62773722627737,0.7299270072992701,5.839416058394161,AMD,call_mixed,LUNCH,1.4598540145985401
,285,7.8160919540230065,9.447533037802083,65.26315789473685,18.24561403508772,0.3508771929824561,0.0,AMD,call_mixed,PM,5.614035087719298
,211,3.1468531468531578,6.83381600491782,58.767772511848335,13.270142180094787,3.7914691943127963,0.9478672985781991,AMD,call_ask,PM,3.3175355450236967
,151,-11.94295900178253,-2.4908955544797666,46.35761589403973,31.125827814569533,4.635761589403973,33.11258278145696,AMD,put_mixed,LUNCH,9.933774834437086
,314,-12.403984227201235,-14.604960040824635,20.70063694267516,5.414012738853503,0.0,28.980891719745223,AMD,put_mixed,PM,0.0
,125,-14.086956521739125,-5.868656338929391,41.6,25.6,3.2,35.199999999999996,AMD,put_ask,LUNCH,8.799999999999999
,279,-14.800000000000004,-14.625578611236097,16.845878136200717,4.659498207885305,0.0,28.31541218637993,AMD,put_ask,PM,0.0
,345,-28.294573643410857,-19.320842485963233,36.811594202898554,23.768115942028984,1.1594202898550725,52.17391304347826,AMD,put_mixed,MID,12.46376811594203
,244,-32.06775944301299,-25.901926817608835,39.75409836065574,20.491803278688526,0.0,55.32786885245902,AMD,put_mixed,AM_open,0.819672131147541
,246,-32.95620483120483,-24.89432934661911,24.390243902439025,14.227642276422763,0.0,60.56910569105691,AMD,put_ask,MID,6.910569105691057
,84,-59.48952823291617,-42.75113070489181,25.0,10.714285714285714,0.0,72.61904761904762,AMD,put_ask,AM_open,0.0
,57,40.57971014492752,39.222537494972464,87.71929824561403,63.1578947368421,38.59649122807017,8.771929824561402,AMZN,call_mixed,LUNCH,33.33333333333333
,174,24.825174825174834,14.885421571154465,80.45977011494253,50.0,5.747126436781609,12.643678160919542,AMZN,call_mixed,MID,44.827586206896555
,137,24.675324675324667,20.154468674621313,81.75182481751825,48.9051094890511,13.138686131386862,8.02919708029197,AMZN,call_ask,MID,49.63503649635037
,46,23.656737588652486,19.427451570339834,78.26086956521739,43.47826086956522,2.1739130434782608,6.521739130434782,AMZN,put_mixed,LUNCH,4.3478260869565215
,50,22.22222222222222,30.429249315617252,92.0,48.0,26.0,0.0,AMZN,call_ask,LUNCH,22.0
,201,20.66115702479339,5.325502845667445,68.65671641791045,37.3134328358209,1.9900497512437811,20.8955223880597,AMZN,call_mixed,AM_open,34.32835820895522
,210,19.701674614616834,-4.753045025177115,61.42857142857143,28.095238095238095,1.4285714285714286,31.428571428571427,AMZN,put_mixed,AM_open,10.952380952380953
,67,19.04761904761905,13.466339026424981,67.16417910447761,34.32835820895522,2.9850746268656714,4.477611940298507,AMZN,put_ask,LUNCH,8.955223880597014
,80,14.905753968253968,6.789259109044309,67.5,26.25,5.0,18.75,AMZN,call_ask,AM_open,26.25
,155,7.986501687289079,-7.910423148172201,52.903225806451616,23.225806451612904,1.2903225806451613,35.483870967741936,AMZN,put_mixed,MID,20.64516129032258
,138,5.065307422746102,7.8195729688120075,58.69565217391305,30.434782608695656,6.521739130434782,12.318840579710146,AMZN,put_mixed,PM,6.521739130434782
,158,1.680790960451979,9.902690372003457,55.06329113924051,27.848101265822784,8.860759493670885,3.79746835443038,AMZN,put_ask,PM,8.860759493670885
,174,-1.736445467866865,-10.733413453473014,46.55172413793103,20.689655172413794,0.0,37.35632183908046,AMZN,put_ask,MID,11.494252873563218
,126,-3.000898472596589,-8.383765234034216,42.857142857142854,11.11111111111111,1.5873015873015872,26.984126984126984,AMZN,call_ask,PM,2.380952380952381
,149,-6.5789473684210575,-8.259777722456375,41.61073825503356,15.436241610738255,0.6711409395973155,26.174496644295303,AMZN,call_mixed,PM,3.3557046979865772
,106,-12.89710763394974,-17.75731632336019,44.339622641509436,19.81132075471698,0.9433962264150944,44.339622641509436,AMZN,put_ask,AM_open,4.716981132075472
,32,18.222402597402592,10.49663904879755,75.0,28.125,0.0,9.375,AVGO,call_ask,LUNCH,0.0
,109,16.99346405228758,6.3070091016851375,71.55963302752293,27.522935779816514,0.9174311926605505,14.678899082568808,AVGO,call_mixed,MID,9.174311926605505
,106,12.073466909532485,-10.258216196580017,52.83018867924528,25.471698113207548,2.8301886792452833,44.339622641509436,AVGO,put_mixed,AM_open,20.754716981132077
,265,8.222222222222225,1.322694238742053,58.490566037735846,22.641509433962266,0.0,14.716981132075471,AVGO,call_ask,MID,4.528301886792453
,228,6.86120882635114,6.975014547639296,68.85964912280701,11.403508771929824,0.43859649122807015,1.3157894736842104,AVGO,call_ask,PM,0.0
,71,2.7173913043478164,5.082889135701055,57.74647887323944,9.859154929577464,1.4084507042253522,2.8169014084507045,AVGO,call_mixed,PM,0.0
,167,1.3559322033898318,-10.014512432020164,50.29940119760479,21.55688622754491,1.7964071856287425,34.73053892215569,AVGO,call_mixed,AM_open,10.778443113772456
,168,-0.18707482993197666,-8.272735317383752,50.0,27.976190476190478,5.952380952380952,42.857142857142854,AVGO,put_ask,AM_open,14.285714285714285
,170,-2.482617665036677,-8.624188298092873,47.647058823529406,20.588235294117645,2.941176470588235,32.35294117647059,AVGO,call_ask,AM_open,11.176470588235295
,44,-13.628691983122359,-5.899775632313588,20.454545454545457,13.636363636363635,4.545454545454546,25.0,AVGO,put_mixed,PM,2.272727272727273
,183,-13.913043478260867,-12.78790315568503,16.939890710382514,5.46448087431694,0.546448087431694,27.322404371584703,AVGO,put_ask,PM,0.546448087431694
,88,-17.643540669856456,-4.831623791565336,39.77272727272727,23.863636363636363,6.8181818181818175,39.77272727272727,AVGO,put_ask,LUNCH,15.909090909090908
,49,-27.16535433070866,-13.435450693877032,42.857142857142854,30.612244897959183,2.0408163265306123,51.02040816326531,AVGO,put_mixed,MID,20.408163265306122
,211,-28.846153846153843,-15.156752656257703,36.492890995260666,20.85308056872038,5.213270142180095,53.55450236966824,AVGO,put_ask,MID,14.691943127962084
,78,21.134157105030887,7.421090480094611,66.66666666666666,34.61538461538461,3.8461538461538463,25.64102564102564,COIN,call_mixed,AM_open,15.384615384615385
,32,20.33353733170135,7.7508401433281,62.5,34.375,3.125,9.375,COIN,put_mixed,MID,9.375
,62,20.13655853840418,13.752083226344192,72.58064516129032,38.70967741935484,8.064516129032258,16.129032258064516,COIN,call_ask,AM_open,9.67741935483871
,80,19.142122690833045,0.7262109060697017,57.49999999999999,35.0,13.750000000000002,28.749999999999996,COIN,put_ask,AM_open,25.0
,61,18.932038834951463,-2.977591542758117,52.459016393442624,45.90163934426229,18.0327868852459,39.34426229508197,COIN,put_mixed,AM_open,29.508196721311474
,89,17.25663716814159,2.1783975462355825,61.79775280898876,34.831460674157306,1.1235955056179776,24.719101123595504,COIN,put_ask,MID,10.112359550561797
,30,15.742632039684848,-1.22460995284644,60.0,33.33333333333333,6.666666666666667,33.33333333333333,COIN,put_ask,LUNCH,6.666666666666667
,30,10.222567287784681,7.366794631588943,70.0,10.0,0.0,3.3333333333333335,COIN,call_mixed,PM,0.0
,70,8.400787491008222,1.1866957967467469,61.42857142857143,12.857142857142856,2.857142857142857,18.571428571428573,COIN,call_ask,MID,4.285714285714286
,74,7.7183022438496796,7.734240999202695,68.91891891891892,10.81081081081081,0.0,1.3513513513513513,COIN,call_ask,PM,0.0
,57,7.676348547717844,0.2553900371150292,63.1578947368421,12.280701754385964,1.7543859649122806,24.561403508771928,COIN,call_mixed,MID,7.017543859649122
,52,-7.2163918040979524,-6.919005639968317,34.61538461538461,5.769230769230769,0.0,13.461538461538462,COIN,put_ask,PM,0.0
,66,26.44012944983819,23.405503627501478,75.75757575757575,54.54545454545454,18.181818181818183,16.666666666666664,GOOG,call_mixed,MID,66.66666666666666
,43,24.100719424460447,27.23968830185789,90.69767441860465,46.51162790697674,20.930232558139537,2.3255813953488373,GOOG,call_ask,LUNCH,32.55813953488372
,90,22.015086206896555,12.411312409109875,62.22222222222222,40.0,14.444444444444443,21.11111111111111,GOOG,call_ask,MID,36.666666666666664
,87,21.212121212121218,6.992249579505644,70.11494252873564,27.586206896551722,3.4482758620689653,20.689655172413794,GOOG,call_mixed,AM_open,41.37931034482759
,72,19.04135338345865,3.663863943115326,68.05555555555556,27.77777777777778,2.7777777777777777,18.055555555555554,GOOG,put_mixed,AM_open,8.333333333333332
,77,16.29629629629629,3.8291029181483847,61.038961038961034,24.675324675324674,9.090909090909092,23.376623376623375,GOOG,call_ask,AM_open,20.77922077922078
,89,9.278350515463922,-7.707541453276137,64.04494382022472,32.58426966292135,6.741573033707865,28.08988764044944,GOOG,put_ask,MID,14.606741573033707
,44,9.196008962443482,16.21727298358096,61.36363636363637,38.63636363636363,18.181818181818183,6.8181818181818175,GOOG,call_mixed,PM,6.8181818181818175
,81,7.446808510638291,-4.225743909309504,58.0246913580247,22.22222222222222,4.938271604938271,20.98765432098765,GOOG,put_ask,AM_open,7.4074074074074066
,68,2.5396825396825418,9.552732722209445,61.76470588235294,23.52941176470588,8.823529411764707,7.352941176470589,GOOG,call_ask,PM,2.941176470588235
,54,1.3714551371455133,-31.752459270337322,50.0,14.814814814814813,0.0,46.2962962962963,GOOG,put_mixed,MID,3.7037037037037033
,46,-0.06778129236330227,-9.986960675066445,47.82608695652174,10.869565217391305,0.0,39.130434782608695,GOOG,put_mixed,PM,0.0
,96,-2.992013467486199,-12.078090827797018,38.54166666666667,6.25,1.0416666666666665,35.41666666666667,GOOG,put_ask,PM,0.0
,35,-5.454545454545462,-12.500309115781594,34.285714285714285,11.428571428571429,0.0,22.857142857142858,GOOG,put_ask,LUNCH,5.714285714285714
,40,24.713249063670418,20.090769020919943,80.0,50.0,12.5,15.0,GOOGL,call_ask,LUNCH,32.5
,93,21.452145214521465,0.2667665629486666,69.89247311827957,32.25806451612903,3.225806451612903,21.50537634408602,GOOGL,put_mixed,AM_open,20.43010752688172
,40,20.85918854415273,14.555276544802302,70.0,47.5,17.5,17.5,GOOGL,call_mixed,LUNCH,20.0
,111,20.30075187969925,4.338836739017369,67.56756756756756,33.33333333333333,6.306306306306306,23.423423423423422,GOOGL,call_mixed,AM_open,31.53153153153153
,96,18.153615746683784,-0.9597228314686133,56.25,31.25,8.333333333333332,34.375,GOOGL,call_mixed,MID,42.70833333333333
,80,4.839521711768407,-3.9807183682794167,58.75,15.0,0.0,28.749999999999996,GOOGL,put_mixed,PM,0.0
,105,4.3113772455089965,-11.556050180311956,55.23809523809524,23.809523809523807,4.761904761904762,34.285714285714285,GOOGL,put_ask,MID,12.380952380952381
,75,3.6649214659685825,-1.7625468892078902,52.0,29.333333333333332,5.333333333333334,30.666666666666664,GOOGL,call_ask,AM_open,28.000000000000004
,109,1.6627078384798,9.195819922038556,55.04587155963303,25.688073394495415,6.422018348623854,4.587155963302752,GOOGL,call_mixed,PM,2.7522935779816518
,90,-0.731611637790128,-5.540682372678986,47.77777777777778,15.555555555555555,2.2222222222222223,30.0,GOOGL,put_ask,PM,0.0
,86,-1.0836055892376268,-21.160875978179835,50.0,22.093023255813954,1.1627906976744187,39.53488372093023,GOOGL,put_mixed,MID,13.953488372093023
,86,-1.7104415082178535,3.6739504567406627,40.69767441860465,15.11627906976744,6.976744186046512,8.13953488372093,GOOGL,call_ask,PM,1.1627906976744187
,68,-5.391818118996615,-13.65994964130725,47.05882352941176,26.47058823529412,0.0,29.411764705882355,GOOGL,put_ask,AM_open,11.76470588235294
,113,-6.603773584905666,-6.00749904002521,47.78761061946903,27.43362831858407,6.1946902654867255,39.823008849557525,GOOGL,call_ask,MID,24.778761061946902
,83,22.727272727272734,0.7366743083583934,62.65060240963856,40.963855421686745,9.63855421686747,33.734939759036145,HOOD,put_ask,AM_open,15.66265060240964
,129,20.125786163522,1.6349640623000334,62.01550387596899,24.8062015503876,0.0,26.356589147286826,HOOD,call_mixed,AM_open,5.426356589147287
,60,10.743275505331846,-0.7677680078320736,56.666666666666664,33.33333333333333,5.0,33.33333333333333,HOOD,put_ask,LUNCH,10.0
,114,1.244893989496208,2.1966874298139754,54.385964912280706,7.017543859649122,0.0,5.263157894736842,HOOD,call_ask,PM,0.0
,84,0.0,3.61408970658561,47.61904761904761,4.761904761904762,0.0,0.0,HOOD,call_mixed,PM,0.0
,72,-1.1780719046278056,-4.722735906816658,50.0,23.61111111111111,0.0,26.38888888888889,HOOD,call_ask,AM_open,4.166666666666666
,76,-4.624277456647403,-7.39418515376342,39.473684210526315,7.894736842105263,0.0,22.36842105263158,HOOD,call_ask,MID,0.0
,48,-8.382822666508936,-10.955778621057341,33.33333333333333,0.0,0.0,16.666666666666664,HOOD,put_mixed,PM,0.0
,99,-9.629629629629639,-9.73647712894446,35.35353535353536,4.040404040404041,0.0,19.19191919191919,HOOD,call_mixed,MID,0.0
,134,-14.22250316055626,-11.843034590487852,26.865671641791046,1.4925373134328357,0.0,24.62686567164179,HOOD,put_ask,PM,0.0
,118,-20.935053863442608,-14.194959996166117,34.74576271186441,20.33898305084746,0.847457627118644,38.983050847457626,HOOD,put_ask,MID,2.5423728813559325
,60,-22.12790039615167,-14.803677400953609,33.33333333333333,15.0,1.6666666666666667,41.66666666666667,HOOD,put_mixed,MID,3.3333333333333335
,111,-26.31578947368421,-12.150302255630065,42.34234234234234,33.33333333333333,13.513513513513514,50.45045045045045,HOOD,put_mixed,AM_open,18.91891891891892
,68,22.611194402798596,21.04172623460851,79.41176470588235,41.17647058823529,7.352941176470589,1.4705882352941175,INTC,call_ask,AM_open,36.76470588235294
,133,22.05882352941175,15.532618021062286,70.67669172932331,42.10526315789473,4.511278195488721,7.518796992481203,INTC,call_mixed,AM_open,35.338345864661655
,96,19.80675075722999,14.606447957540203,78.125,27.083333333333332,2.083333333333333,5.208333333333334,INTC,call_mixed,MID,3.125
,91,16.141732283464574,7.334384592855325,63.73626373626373,21.978021978021978,1.098901098901099,13.186813186813188,INTC,call_ask,MID,0.0
,52,12.376707404744781,14.237359606870058,86.53846153846155,23.076923076923077,0.0,0.0,INTC,call_mixed,PM,0.0
,110,7.089016511127054,8.298076536131726,77.27272727272727,10.0,0.0,0.9090909090909091,INTC,call_ask,PM,0.0
,75,2.5641025641025665,-14.979749597138225,50.66666666666667,13.333333333333334,0.0,38.666666666666664,INTC,put_ask,AM_open,0.0
,121,-9.638554216867465,-8.594728238608996,20.66115702479339,5.785123966942149,3.3057851239669422,11.570247933884298,INTC,put_mixed,PM,0.8264462809917356
,133,-11.888111888111883,-10.344468398487312,26.31578947368421,6.7669172932330826,1.5037593984962405,17.293233082706767,INTC,put_ask,PM,0.0
,42,-29.07965112408176,-19.115487454868823,30.952380952380953,7.142857142857142,0.0,61.904761904761905,INTC,put_ask,LUNCH,0.0
,57,-30.500000000000004,-23.386972124280963,14.035087719298245,5.263157894736842,0.0,66.66666666666666,INTC,put_mixed,LUNCH,0.0
,128,-33.371212121212125,-19.22331634387671,32.03125,12.5,2.34375,64.0625,INTC,put_ask,MID,0.78125
,167,-34.6031746031746,-27.47269234340796,19.16167664670659,5.9880239520958085,0.0,73.65269461077844,INTC,put_mixed,MID,0.0
,112,-56.914715719063544,-34.162070781387015,35.714285714285715,13.392857142857142,0.0,64.28571428571429,INTC,put_mixed,AM_open,0.0
,152,-0.24383340027326225,0.24562796483767255,44.07894736842105,1.3157894736842104,0.0,0.0,IWM,call_ask,AM_open,0.0
,203,-0.45911674682991,-0.8468617546324047,40.39408866995074,0.0,0.0,0.0,IWM,call_ask,MID,0.0
,243,22.60536398467434,11.446118593226164,69.54732510288066,43.20987654320987,4.938271604938271,14.814814814814813,META,call_ask,AM_open,26.337448559670783
,459,22.499999999999993,8.16997918733132,69.49891067538127,41.17647058823529,3.0501089324618738,20.47930283224401,META,call_mixed,AM_open,29.629629629629626
,118,21.325825526543085,13.21811717270786,64.40677966101694,44.06779661016949,5.932203389830509,10.16949152542373,META,call_ask,LUNCH,18.64406779661017
,111,21.126760563380284,12.117650880163033,69.36936936936937,45.04504504504504,3.6036036036036037,12.612612612612612,META,call_mixed,LUNCH,22.52252252252252
,480,18.594360979625435,1.9369803294095627,57.291666666666664,31.874999999999996,3.958333333333333,27.291666666666664,META,call_mixed,MID,19.583333333333332
,401,14.647887323943676,3.722872379835284,57.356608478803,30.423940149625935,3.99002493765586,22.693266832917704,META,call_ask,MID,13.216957605985039
,124,7.97864506627393,4.606742937942244,62.903225806451616,23.387096774193548,0.0,17.741935483870968,META,put_mixed,LUNCH,6.451612903225806
,262,6.351314222914185,3.503293339757856,59.541984732824424,20.99236641221374,1.5267175572519083,17.938931297709924,META,put_mixed,PM,1.1450381679389312
,367,4.938271604938257,4.675912931065361,59.67302452316077,14.986376021798364,3.8147138964577656,12.26158038147139,META,put_ask,PM,1.6348773841961852
,158,3.145586297760209,-0.15798701452158395,62.0253164556962,12.025316455696203,0.6329113924050633,18.9873417721519,META,put_ask,LUNCH,3.79746835443038
,373,-0.3875968992248151,-10.008704707877381,49.32975871313673,11.26005361930295,1.3404825737265416,34.048257372654156,META,put_ask,MID,4.021447721179625
,404,-7.90243902439024,-8.815019098023521,27.722772277227726,8.415841584158416,1.4851485148514851,25.247524752475247,META,call_ask,PM,1.7326732673267329
,359,-9.246575342465754,-10.972553937898995,29.526462395543174,9.47075208913649,2.2284122562674096,34.26183844011142,META,call_mixed,PM,1.9498607242339834
,308,-15.62666187567373,-19.421906117755114,43.506493506493506,17.20779220779221,2.272727272727273,44.8051948051948,META,put_ask,AM_open,4.870129870129871
,452,-17.98812123371605,-22.57701825246811,43.584070796460175,20.353982300884958,1.5486725663716814,48.67256637168141,META,put_mixed,AM_open,7.964601769911504
,365,-19.431279620853086,-18.56689938594793,38.63013698630137,10.95890410958904,1.095890410958904,48.21917808219178,META,put_mixed,MID,6.8493150684931505
,100,22.75669642857143,12.020570229103942,73.0,41.0,5.0,22.0,MRVL,call_mixed,AM_open,12.0
,58,22.044312046173903,13.783525895769266,74.13793103448276,36.206896551724135,0.0,8.620689655172415,MRVL,call_mixed,MID,1.7241379310344827
,94,21.161616161616166,12.121122639140891,65.95744680851064,37.234042553191486,4.25531914893617,15.957446808510639,MRVL,call_ask,AM_open,13.829787234042554
,104,16.29890347908488,6.3924930336871455,57.692307692307686,33.65384615384615,0.9615384615384616,14.423076923076922,MRVL,call_ask,MID,9.615384615384617
,39,15.624999999999996,10.915669856374713,56.41025641025641,43.58974358974359,7.6923076923076925,17.94871794871795,MRVL,put_ask,LUNCH,15.384615384615385
,67,1.9830028328611982,0.5286666209809346,50.74626865671642,32.83582089552239,7.462686567164178,31.343283582089555,MRVL,put_ask,MID,11.940298507462686
,56,-1.6379066478076394,-0.7206483018109058,44.642857142857146,7.142857142857142,0.0,5.357142857142857,MRVL,call_ask,PM,0.0
,69,-6.306306306306311,-11.663596383402643,26.08695652173913,8.695652173913043,1.4492753623188406,30.434782608695656,MRVL,put_ask,PM,0.0
,67,-24.11067193675889,-12.104037323426631,47.76119402985074,26.865671641791046,10.44776119402985,47.76119402985074,MRVL,put_ask,AM_open,5.970149253731343
,38,-47.36494311601608,-17.53861703116346,44.73684210526316,26.31578947368421,15.789473684210526,52.63157894736842,MRVL,put_mixed,AM_open,0.0
,344,23.168276972624803,12.122098457563537,76.45348837209302,42.44186046511628,3.1976744186046515,15.11627906976744,MSFT,call_mixed,AM_open,27.906976744186046
,35,23.137254901960798,12.093091214307064,60.0,45.714285714285715,31.428571428571427,34.285714285714285,MSFT,call_ask,LUNCH,31.428571428571427
,117,22.352941176470594,10.79163375626278,74.35897435897436,41.02564102564102,3.418803418803419,16.23931623931624,MSFT,call_ask,AM_open,21.367521367521366
,60,18.781282737748807,13.237697202750411,60.0,41.66666666666667,18.333333333333332,25.0,MSFT,call_mixed,LUNCH,31.666666666666664
,260,18.37719298245614,-2.450005351234298,56.15384615384615,29.615384615384617,3.4615384615384617,32.69230769230769,MSFT,call_mixed,MID,13.076923076923078
,242,17.79953917050691,-8.79837941302194,52.892561983471076,27.685950413223143,5.785123966942149,40.082644628099175,MSFT,put_mixed,AM_open,20.24793388429752
,176,15.651047841392018,-1.128681467543747,55.11363636363637,30.113636363636363,2.272727272727273,27.27272727272727,MSFT,call_ask,MID,11.931818181818182
,176,15.622655663915978,0.9000623729856159,56.81818181818182,31.818181818181817,4.545454545454546,28.40909090909091,MSFT,put_mixed,MID,15.909090909090908
,154,1.4005602240896349,2.3601356124209136,54.54545454545454,20.12987012987013,2.5974025974025974,16.883116883116884,MSFT,call_ask,PM,7.792207792207792
,123,-0.26595744680850497,-0.9522589166221516,45.52845528455284,17.88617886178862,0.8130081300813009,21.138211382113823,MSFT,put_mixed,PM,1.6260162601626018
,154,-0.5661881977671491,1.3198311614026599,47.4025974025974,15.584415584415584,3.2467532467532463,14.285714285714285,MSFT,call_mixed,PM,8.441558441558442
,126,-0.821559392987961,-0.027540463590583566,45.23809523809524,14.285714285714285,1.5873015873015872,15.873015873015872,MSFT,put_ask,PM,2.380952380952381
,84,-0.8568061430383754,-1.6513983868387343,50.0,22.61904761904762,2.380952380952381,23.809523809523807,MSFT,put_ask,LUNCH,14.285714285714285
,184,-1.3628296146044678,-3.789666959022427,47.82608695652174,22.82608695652174,3.260869565217391,29.347826086956523,MSFT,put_ask,MID,14.130434782608695
,125,-1.432664756446999,-11.69937343924204,49.6,22.400000000000002,4.0,39.2,MSFT,put_ask,AM_open,14.399999999999999
,65,-2.739726027397263,-2.845167981644629,43.07692307692308,23.076923076923077,3.076923076923077,23.076923076923077,MSFT,put_mixed,LUNCH,12.307692307692308
,89,22.2591362126246,6.63332968378698,64.04494382022472,34.831460674157306,4.49438202247191,19.101123595505616,MSTR,put_mixed,MID,19.101123595505616
,78,21.61336687028387,4.017394547447393,67.94871794871796,44.871794871794876,10.256410256410255,24.358974358974358,MSTR,put_ask,AM_open,5.128205128205128
,138,21.371662360034453,5.52008342489306,62.31884057971014,36.95652173913043,4.3478260869565215,17.391304347826086,MSTR,put_ask,MID,7.971014492753622
,90,21.080368906455867,2.6495142075527194,58.88888888888889,36.666666666666664,2.2222222222222223,28.888888888888886,MSTR,call_mixed,AM_open,13.333333333333334
,107,20.86513994910941,0.16869987770887152,65.42056074766354,38.31775700934579,6.5420560747663545,27.102803738317753,MSTR,put_mixed,AM_open,5.607476635514018
,58,17.647058823529413,4.157932306672063,63.793103448275865,36.206896551724135,5.172413793103448,25.862068965517242,MSTR,call_ask,AM_open,17.24137931034483
,70,5.23891203136486,11.193254131568613,64.28571428571429,20.0,5.714285714285714,0.0,MSTR,call_mixed,PM,4.285714285714286
,102,2.9492753623188435,9.50545847408822,61.76470588235294,24.509803921568626,2.941176470588235,2.941176470588235,MSTR,call_ask,PM,12.745098039215685
,65,-7.619047619047626,-11.659981370668447,30.76923076923077,7.6923076923076925,1.5384615384615385,26.153846153846157,MSTR,put_mixed,PM,3.076923076923077
,112,-8.724722268785904,-10.223676222435197,29.464285714285715,7.142857142857142,0.8928571428571428,25.0,MSTR,put_ask,PM,0.8928571428571428
,47,-12.953367875647666,-8.346288190861713,48.93617021276596,25.53191489361702,8.51063829787234,36.17021276595745,MSTR,put_mixed,LUNCH,8.51063829787234
,72,-15.512119771863114,-4.7495011716786655,40.27777777777778,18.055555555555554,6.944444444444445,29.166666666666668,MSTR,call_mixed,MID,8.333333333333332
,85,-18.3673469387755,-15.553332872217005,37.64705882352941,18.823529411764707,4.705882352941177,42.35294117647059,MSTR,put_ask,LUNCH,8.235294117647058
,82,-18.61886517058931,-7.517791623103396,41.46341463414634,21.951219512195124,7.317073170731707,40.243902439024396,MSTR,call_ask,MID,17.073170731707318
,310,24.507438551099607,20.71447085542739,86.12903225806451,46.774193548387096,6.129032258064516,9.35483870967742,MU,call_mixed,MID,19.032258064516128
,240,24.134199134199125,21.669863965060948,84.58333333333333,46.25,9.583333333333334,10.0,MU,call_ask,MID,21.666666666666668
,120,23.100998463901682,7.897286081277747,70.83333333333334,43.333333333333336,4.166666666666666,21.666666666666668,MU,call_ask,LUNCH,7.5
,123,20.93023255813953,5.950154518004041,65.85365853658537,39.02439024390244,5.691056910569105,23.577235772357724,MU,call_mixed,LUNCH,4.0650406504065035
,399,18.6046511627907,2.251560055804749,55.388471177944865,33.583959899749374,7.518796992481203,29.32330827067669,MU,call_mixed,AM_open,37.34335839598997
,231,17.547169811320767,2.2501940721260376,54.112554112554115,38.52813852813853,9.956709956709958,31.16883116883117,MU,call_ask,AM_open,35.4978354978355
,243,12.131147540983616,-8.67434828005994,51.028806584362144,27.572016460905353,2.880658436213992,40.74074074074074,MU,put_mixed,AM_open,4.938271604938271
,272,11.24263606788007,11.737503698343637,71.32352941176471,21.691176470588236,1.1029411764705883,1.1029411764705883,MU,call_mixed,PM,0.0
,235,6.486486486486482,-9.72898946170682,51.48936170212765,23.404255319148938,2.553191489361702,39.57446808510638,MU,put_ask,AM_open,5.106382978723404
,333,3.1413612565444913,7.292820705082062,59.45945945945946,18.01801801801802,2.4024024024024024,3.003003003003003,MU,call_ask,PM,0.0
,328,-6.433228439056855,-11.90908409919635,32.6219512195122,2.7439024390243905,0.0,32.01219512195122,MU,put_ask,PM,0.0
,103,-9.16666666666666,-5.650455957334876,35.92233009708738,26.21359223300971,4.854368932038835,32.038834951456316,MU,put_mixed,LUNCH,16.50485436893204
,149,-10.616929698708741,-8.594151442862955,36.91275167785235,24.161073825503358,6.7114093959731544,36.91275167785235,MU,put_ask,LUNCH,13.422818791946309
,146,-13.060283687943258,-11.897944247994939,29.45205479452055,5.47945205479452,0.0,34.93150684931507,MU,put_mixed,PM,0.0
,270,-21.635503734400974,-13.994552295768116,35.18518518518518,21.11111111111111,0.7407407407407408,46.666666666666664,MU,put_ask,MID,7.4074074074074066
,206,-23.02740057642153,-13.77488563632005,37.37864077669903,21.35922330097087,2.4271844660194173,47.0873786407767,MU,put_mixed,MID,9.70873786407767
,64,21.441988244313816,11.15019393436029,70.3125,42.1875,12.5,20.3125,NDXP,call_ask,PM,28.125
,57,8.117913832199543,-12.968433947125957,56.14035087719298,22.807017543859647,7.017543859649122,31.57894736842105,NDXP,put_ask,AM_open,10.526315789473683
,41,-52.693082605775686,-36.69044696727434,31.70731707317073,21.951219512195124,12.195121951219512,51.21951219512195,NDXP,put_mixed,PM,12.195121951219512
,146,-98.01386071670046,-40.48324896959434,34.93150684931507,19.17808219178082,11.643835616438356,60.95890410958904,NDXP,put_ask,PM,15.753424657534246
,46,-99.44507983988035,-27.467421564533943,43.47826086956522,30.434782608695656,17.391304347826086,54.347826086956516,NDXP,put_ask,LUNCH,39.130434782608695
,111,29.032258064516135,22.954010510932257,77.47747747747748,58.55855855855856,16.216216216216218,9.90990990990991,NVDA,call_ask,MID,39.63963963963964
,43,27.804878048780502,21.275595886467574,83.72093023255815,62.7906976744186,9.30232558139535,6.976744186046512,NVDA,call_ask,AM_open,25.581395348837212
,126,25.956858407079647,26.87207909029086,88.88888888888889,52.38095238095239,10.317460317460316,2.380952380952381,NVDA,call_mixed,LUNCH,20.634920634920633
,37,24.550898203592826,23.89361609659237,83.78378378378379,45.94594594594595,13.513513513513514,5.405405405405405,NVDA,call_ask,LUNCH,24.324324324324326
,279,23.333333333333343,10.454179523897222,69.17562724014337,43.727598566308245,13.261648745519713,23.655913978494624,NVDA,call_mixed,MID,40.50179211469534
,251,23.333333333333336,9.295036672926846,76.49402390438247,42.62948207171315,4.382470119521913,19.9203187250996,NVDA,call_mixed,AM_open,30.677290836653388
,332,22.49721631744104,5.194657186501707,71.08433734939759,40.06024096385542,6.325301204819277,27.710843373493976,NVDA,put_mixed,AM_open,21.084337349397593
,340,18.9167208848406,-10.893086991080175,52.05882352941177,27.058823529411764,2.3529411764705883,41.17647058823529,NVDA,put_mixed,MID,17.941176470588236
,107,17.13114754098361,-7.8020367644992294,51.4018691588785,29.906542056074763,3.7383177570093453,40.18691588785047,NVDA,put_ask,AM_open,5.607476635514018
,300,16.461814914645103,7.347629356015702,70.66666666666667,22.666666666666664,2.3333333333333335,16.666666666666664,NVDA,call_mixed,PM,3.6666666666666665
,188,11.043360433604338,6.284256896630708,70.74468085106383,17.5531914893617,0.5319148936170213,12.23404255319149,NVDA,call_ask,PM,3.723404255319149
,162,-13.890977443609025,-11.436716113153276,48.76543209876543,21.604938271604937,3.7037037037037033,45.67901234567901,NVDA,put_ask,MID,14.19753086419753
,269,-13.915094339622646,-12.242538647212227,24.53531598513011,5.204460966542751,0.37174721189591076,24.907063197026023,NVDA,put_mixed,PM,0.7434944237918215
,160,-15.194805194805195,-14.123028084684975,20.625,2.5,0.0,25.0,NVDA,put_ask,PM,0.625
,78,-21.15131578947369,-16.573147192288918,32.05128205128205,14.102564102564102,1.282051282051282,47.43589743589743,NVDA,put_ask,LUNCH,5.128205128205128
,115,-28.388746803069058,-18.553348753489143,28.695652173913043,12.173913043478262,1.7391304347826086,55.65217391304348,NVDA,put_mixed,LUNCH,5.217391304347826
,55,17.977528089887635,-0.5086443956109502,60.0,30.909090909090907,1.8181818181818181,27.27272727272727,ORCL,put_ask,AM_open,1.8181818181818181
,124,13.904382470119517,-0.20564211343354277,56.451612903225815,27.419354838709676,3.225806451612903,25.0,ORCL,put_mixed,AM_open,5.64516129032258
,74,2.6608293258324984,-3.3332191476549102,51.35135135135135,28.37837837837838,2.7027027027027026,35.13513513513514,ORCL,call_ask,AM_open,8.108108108108109
,170,-0.2680043980208876,-3.4791684090817854,50.0,30.58823529411765,3.5294117647058822,37.05882352941177,ORCL,call_mixed,AM_open,13.529411764705882
,89,-1.666666666666668,-1.413134462310307,49.43820224719101,20.224719101123593,3.3707865168539324,16.853932584269664,ORCL,put_mixed,MID,5.617977528089887
,48,-2.968460111317257,-4.3475072817714455,35.41666666666667,4.166666666666666,0.0,16.666666666666664,ORCL,call_mixed,PM,0.0
,50,-4.482038429406851,-3.2094413106339856,40.0,14.000000000000002,4.0,28.000000000000004,ORCL,put_ask,LUNCH,6.0
,50,-5.056723390056728,-5.927184696413672,44.0,8.0,0.0,24.0,ORCL,call_ask,PM,0.0
,103,-5.536332179930801,-5.345808644771354,46.601941747572816,18.446601941747574,1.9417475728155338,25.24271844660194,ORCL,put_ask,MID,5.825242718446602
,32,-7.2233606557376975,-3.8592660758926645,37.5,18.75,0.0,6.25,ORCL,put_mixed,PM,0.0
,92,-7.846153846153843,-7.585188159179475,26.08695652173913,7.608695652173914,0.0,17.391304347826086,ORCL,put_ask,PM,0.0
,89,-21.105527638190953,-11.76715908682552,33.70786516853933,21.34831460674157,0.0,42.69662921348314,ORCL,call_mixed,MID,1.1235955056179776
,72,-26.794258373205736,-22.407891611150514,20.833333333333336,1.3888888888888888,0.0,52.77777777777778,ORCL,call_ask,MID,0.0
,36,24.259493670886073,10.013890545650435,69.44444444444444,50.0,5.555555555555555,25.0,PLTR,put_mixed,LUNCH,11.11111111111111
,99,21.69312169312169,6.123613245727767,70.70707070707071,33.33333333333333,0.0,26.262626262626267,PLTR,call_ask,AM_open,22.22222222222222
,217,20.75471698113207,-2.7980192405887045,57.14285714285714,35.944700460829495,7.834101382488479,33.6405529953917,PLTR,put_mixed,AM_open,22.58064516129032
,58,20.73412698412698,3.1791355955607976,60.3448275862069,36.206896551724135,1.7241379310344827,22.413793103448278,PLTR,put_ask,LUNCH,6.896551724137931
,148,20.634920634920633,7.016338718010483,62.16216216216216,36.486486486486484,8.108108108108109,29.054054054054053,PLTR,put_mixed,MID,27.7027027027027
,240,20.29611013986014,-1.1443847372359692,61.66666666666667,26.25,0.4166666666666667,30.416666666666664,PLTR,call_mixed,AM_open,12.916666666666668
,38,13.826061997703786,5.393052574459939,71.05263157894737,18.421052631578945,0.0,18.421052631578945,PLTR,call_ask,LUNCH,2.631578947368421
,35,10.810810810810805,2.8310107897111365,60.0,22.857142857142858,2.857142857142857,17.142857142857142,PLTR,call_mixed,LUNCH,2.857142857142857
,160,7.894736842105258,-5.040021103669327,56.25,16.25,1.875,31.25,PLTR,call_mixed,MID,3.125
,104,7.291181114201928,-4.443399527052964,55.769230769230774,21.153846153846153,1.9230769230769231,27.884615384615387,PLTR,call_ask,MID,3.8461538461538463
,128,6.666666666666667,0.045064607679524915,57.03125,32.03125,6.25,33.59375,PLTR,put_ask,MID,15.625
,116,0.12668918918919317,-14.9419295237287,50.0,23.275862068965516,6.896551724137931,43.103448275862064,PLTR,put_ask,AM_open,16.379310344827587
,106,0.0,2.252974794953632,48.113207547169814,6.60377358490566,0.0,3.7735849056603774,PLTR,call_ask,PM,0.0
,74,-2.3242222621830564,-0.304280646934902,39.189189189189186,4.054054054054054,0.0,2.7027027027027026,PLTR,call_mixed,PM,0.0
,142,-7.781837468324589,-5.33453676583921,33.098591549295776,10.56338028169014,2.8169014084507045,14.788732394366196,PLTR,put_ask,PM,0.7042253521126761
,84,-12.599399733902668,-11.588414568295125,21.428571428571427,8.333333333333332,0.0,25.0,PLTR,put_mixed,PM,0.0
,151,26.66666666666666,27.181103942309907,96.02649006622516,58.94039735099338,9.271523178807946,3.3112582781456954,QQQ,call_mixed,AM_open,41.05960264900662
,67,24.324324324324305,17.988816502370543,91.04477611940298,44.776119402985074,0.0,5.970149253731343,QQQ,call_mixed,LUNCH,2.9850746268656714
,53,23.022222222222222,18.43186609796241,79.24528301886792,45.28301886792453,13.20754716981132,9.433962264150944,QQQ,call_ask,AM_open,11.320754716981133
,206,22.958283382049853,3.823156231560673,78.64077669902912,38.83495145631068,0.0,18.446601941747574,QQQ,put_mixed,MID,0.0
,83,21.76991150442477,7.57350264682757,78.3132530120482,30.120481927710845,0.0,12.048192771084338,QQQ,put_ask,MID,0.0
,449,20.37037037037036,6.228437702189426,73.2739420935412,34.29844097995546,4.4543429844097995,18.040089086859687,QQQ,call_mixed,PM,14.03118040089087
,52,19.281445922018616,17.066926390425206,94.23076923076923,19.230769230769234,0.0,1.9230769230769231,QQQ,call_ask,LUNCH,0.0
,254,6.545271006450887,6.0182329359323585,69.29133858267717,18.503937007874015,2.7559055118110236,8.267716535433072,QQQ,call_ask,PM,6.299212598425196
,71,5.709148123173745,-13.292197153841762,60.56338028169014,14.084507042253522,7.042253521126761,26.76056338028169,QQQ,call_ask,MID,4.225352112676056
,423,-2.5641025641025665,-13.347782707180372,47.04491725768322,26.95035460992908,8.747044917257684,37.5886524822695,QQQ,put_mixed,PM,7.801418439716312
,165,-4.610492845786964,-6.4674256994083095,37.57575757575757,18.181818181818183,6.0606060606060606,23.03030303030303,QQQ,put_ask,PM,3.0303030303030303
,62,-23.967318647890384,-33.467389971650846,33.87096774193548,11.29032258064516,0.0,48.38709677419355,QQQ,put_ask,AM_open,4.838709677419355
,40,-24.652484143763214,-35.64090788150892,20.0,5.0,0.0,47.5,QQQ,put_ask,LUNCH,0.0
,178,-36.4390919158361,-37.45689235542742,37.07865168539326,19.101123595505616,1.1235955056179776,55.0561797752809,QQQ,put_mixed,AM_open,7.303370786516854
,92,-60.14266039938924,-39.24646461465466,30.434782608695656,13.043478260869565,3.260869565217391,58.69565217391305,QQQ,put_mixed,LUNCH,17.391304347826086
,166,-98.0162633615319,-54.498781252838604,33.13253012048193,11.44578313253012,2.4096385542168677,64.45783132530121,QQQ,call_mixed,MID,9.036144578313253
,33,24.0,22.092818722742667,93.93939393939394,42.42424242424242,6.0606060606060606,6.0606060606060606,RDDT,call_mixed,AM_open,78.78787878787878
,36,13.238095238095243,-25.905454092640042,52.77777777777778,33.33333333333333,8.333333333333332,44.44444444444444,RKLB,call_ask,MID,5.555555555555555
,30,10.514876556235492,-8.305566555765493,56.666666666666664,33.33333333333333,23.333333333333332,40.0,RUTW,put_ask,AM_open,40.0
,42,7.5000000000000036,4.368868443608111,54.761904761904766,30.952380952380953,19.047619047619047,26.190476190476193,RUTW,call_ask,PM,19.047619047619047
,53,3.571428571428564,-0.422888418287603,50.943396226415096,26.41509433962264,16.9811320754717,41.509433962264154,RUTW,put_ask,PM,28.30188679245283
,69,25.000000000000007,9.676143979128355,78.26086956521739,52.17391304347826,15.942028985507244,17.391304347826086,SLV,put_mixed,AM_open,44.927536231884055
,56,23.369565217391298,0.4679046473445488,66.07142857142857,46.42857142857143,12.5,28.57142857142857,SLV,put_mixed,MID,39.285714285714285
,98,21.62337662337662,-1.5780545554344039,63.26530612244898,42.857142857142854,16.3265306122449,30.612244897959183,SLV,put_ask,MID,42.857142857142854
,69,21.052631578947373,-3.621656228466571,68.11594202898551,47.82608695652174,11.594202898550725,28.985507246376812,SLV,put_ask,AM_open,26.08695652173913
,117,20.689655172413794,-4.974524953060478,69.23076923076923,34.18803418803419,5.982905982905983,29.914529914529915,SLV,call_mixed,AM_open,29.914529914529915
,118,19.615384615384606,-8.993502305627622,60.16949152542372,29.66101694915254,1.694915254237288,32.20338983050847,SLV,call_ask,AM_open,21.1864406779661
,44,16.85185185185186,5.723357891222323,65.9090909090909,29.545454545454547,6.8181818181818175,22.727272727272727,SLV,put_ask,LUNCH,31.818181818181817
,55,16.666666666666682,3.104170378379031,56.36363636363636,36.36363636363637,9.090909090909092,27.27272727272727,SLV,call_mixed,PM,30.909090909090907
,82,12.500000000000002,-4.593649821798173,57.3170731707317,25.609756097560975,3.6585365853658534,25.609756097560975,SLV,put_ask,PM,17.073170731707318
,141,2.8846153846153872,-14.594418006932626,51.06382978723404,26.95035460992908,9.219858156028367,35.46099290780142,SLV,call_ask,MID,29.78723404255319
,123,0.0,-5.462631348758491,47.96747967479675,24.390243902439025,8.130081300813007,24.390243902439025,SLV,call_ask,PM,18.69918699186992
,71,-0.061162079510712924,-12.289234613913512,45.07042253521127,19.718309859154928,5.633802816901409,28.169014084507044,SLV,call_ask,LUNCH,8.450704225352112
,71,-9.9009900990099,-22.18222354050918,46.478873239436616,29.577464788732392,8.450704225352112,47.88732394366197,SLV,call_mixed,MID,35.2112676056338
,34,10.694108151735257,-11.514821191800149,61.76470588235294,35.294117647058826,2.941176470588235,32.35294117647059,SMH,put_ask,AM_open,11.76470588235294
,30,-94.18117343649257,-61.3780989350032,30.0,0.0,0.0,70.0,SMH,put_ask,MID,3.3333333333333335
,91,31.43483023001094,29.262251357191673,86.81318681318682,67.03296703296702,26.373626373626376,8.791208791208792,SNDK,call_ask,AM_open,57.14285714285714
,162,29.818451269205323,18.580983591456945,80.24691358024691,59.876543209876544,25.308641975308642,18.51851851851852,SNDK,call_mixed,AM_open,56.79012345679012
,71,27.450980392156872,9.665385717302042,74.64788732394366,53.52112676056338,25.352112676056336,22.535211267605636,SNDK,put_ask,AM_open,53.52112676056338
,217,26.66666666666666,24.755044461125923,85.71428571428571,52.995391705069125,13.82488479262673,8.294930875576037,SNDK,call_ask,PM,67.2811059907834
,175,26.19047619047618,20.424705739515723,83.42857142857143,52.0,14.285714285714285,10.857142857142858,SNDK,call_mixed,PM,72.0
,120,21.47747747747747,10.25488431615691,81.66666666666667,38.333333333333336,10.833333333333334,16.666666666666664,SNDK,call_mixed,MID,70.0
,38,21.24060150375939,10.56450530267067,84.21052631578947,36.84210526315789,0.0,15.789473684210526,SNDK,call_ask,LUNCH,76.31578947368422
,97,20.32418952618455,5.593216913093704,72.16494845360825,39.175257731958766,14.432989690721648,21.649484536082475,SNDK,call_ask,MID,67.0103092783505
,102,20.185185185185183,-4.100416917286656,70.58823529411765,38.23529411764706,15.686274509803921,29.411764705882355,SNDK,put_mixed,AM_open,37.254901960784316
,93,15.776081424936377,-21.295763760844682,55.91397849462365,33.33333333333333,7.526881720430108,43.01075268817204,SNDK,put_mixed,MID,13.978494623655912
,71,0.0,-23.19219831528457,49.29577464788733,29.577464788732392,9.859154929577464,43.66197183098591,SNDK,put_mixed,PM,16.901408450704224
,106,-2.3809523809523827,-28.66226227825524,49.056603773584904,29.245283018867923,5.660377358490567,47.16981132075472,SNDK,put_ask,PM,24.528301886792452
,135,-40.5,-32.041382736366735,47.40740740740741,31.851851851851855,5.9259259259259265,50.37037037037037,SNDK,put_ask,MID,8.88888888888889
,42,-20.192443752653176,-15.499226359672477,42.857142857142854,26.190476190476193,9.523809523809524,45.23809523809524,SNOW,call_ask,PM,21.428571428571427
,39,23.27586206896552,-4.357690066442314,69.23076923076923,43.58974358974359,5.128205128205128,28.205128205128204,SOXL,put_mixed,AM_open,33.33333333333333
,44,21.475692802421257,11.520681481961596,79.54545454545455,36.36363636363637,11.363636363636363,13.636363636363635,SOXL,call_mixed,AM_open,34.090909090909086
,39,21.212121212121218,1.240961026599353,71.7948717948718,33.33333333333333,2.564102564102564,20.51282051282051,SOXL,call_ask,AM_open,7.6923076923076925
,50,20.036496350364956,8.663384005393208,80.0,28.000000000000004,6.0,12.0,SOXL,call_ask,MID,24.0
,56,8.007990867579913,-23.111555117317035,55.35714285714286,35.714285714285715,7.142857142857142,44.642857142857146,SOXL,put_ask,AM_open,8.928571428571429
,62,-5.000000000000004,-17.65945938437987,48.38709677419355,32.25806451612903,17.741935483870968,48.38709677419355,SOXL,put_ask,PM,17.741935483870968
,30,-50.7183908045977,-34.88567520183345,43.333333333333336,26.666666666666668,10.0,56.666666666666664,SOXL,put_mixed,MID,6.666666666666667
,53,-96.0,-40.14892892401699,41.509433962264154,18.867924528301888,9.433962264150944,54.71698113207547,SOXL,put_ask,MID,5.660377358490567
,76,27.560414269275018,29.427948124557407,94.73684210526315,59.210526315789465,13.157894736842104,1.3157894736842104,SPY,put_mixed,MID,6.578947368421052
,80,26.843910806174947,25.414445389372013,88.75,55.00000000000001,1.25,0.0,SPY,call_mixed,LUNCH,1.25
,40,21.469209058381672,10.488930098104735,80.0,37.5,0.0,12.5,SPY,call_mixed,MID,0.0
,73,20.529801324503314,2.5914559172412988,60.273972602739725,30.136986301369863,1.36986301369863,23.28767123287671,SPY,put_mixed,LUNCH,9.58904109589041
,480,18.53853867992485,10.52085305497775,66.875,32.29166666666667,5.416666666666667,11.041666666666666,SPY,call_mixed,PM,15.833333333333332
,48,6.949001090101037,10.90910240465574,72.91666666666666,22.916666666666664,0.0,2.083333333333333,SPY,call_ask,LUNCH,0.0
,307,2.8665028665028633,7.122316441544102,63.84364820846905,19.54397394136808,3.257328990228013,5.211726384364821,SPY,call_ask,PM,5.537459283387622
,30,0.7373483432973458,5.247636033408722,53.333333333333336,10.0,6.666666666666667,6.666666666666667,SPY,call_mixed,AM_open,0.0
,67,0.0,-3.636019959144157,49.25373134328358,16.417910447761194,4.477611940298507,20.8955223880597,SPY,call_ask,MID,0.0
,56,-0.9348809159061902,3.7293768250916046,37.5,7.142857142857142,5.357142857142857,0.0,SPY,call_ask,AM_open,0.0
,488,-1.3226804205577867,-5.188014595112036,47.74590163934426,19.262295081967213,4.918032786885246,21.721311475409834,SPY,put_mixed,PM,7.172131147540983
,387,-2.2900763358778544,-3.575681359804785,39.53488372093023,10.594315245478036,3.10077519379845,14.987080103359174,SPY,put_ask,PM,2.5839793281653747
,45,-13.05660377358491,-11.753601796912866,20.0,4.444444444444445,0.0,20.0,SPY,put_ask,LUNCH,0.0
,39,-85.71428571428571,-46.867714885918126,38.46153846153847,15.384615384615385,0.0,61.53846153846154,SQQQ,call_ask,MID,0.0
,30,18.041666666666668,-2.6181672336768353,66.66666666666666,36.666666666666664,16.666666666666664,30.0,TQQQ,put_ask,LUNCH,30.0
,31,12.280701754385976,-21.270724112339096,58.06451612903226,32.25806451612903,3.225806451612903,38.70967741935484,TQQQ,put_mixed,AM_open,19.35483870967742
,56,-11.66666666666667,-27.62891917107003,48.214285714285715,23.214285714285715,5.357142857142857,48.214285714285715,TQQQ,put_ask,MID,17.857142857142858
,51,-20.000000000000007,-24.93640045447179,29.411764705882355,17.647058823529413,3.9215686274509802,47.05882352941176,TQQQ,put_ask,PM,13.725490196078432
,40,-50.0,-33.87453021784402,47.5,25.0,2.5,50.0,TQQQ,put_mixed,MID,10.0
,768,22.782694198623403,8.029790560601553,75.390625,43.48958333333333,9.895833333333332,17.838541666666664,TSLA,call_mixed,MID,33.984375
,248,22.761904761904752,3.4314330367345254,72.58064516129032,42.33870967741936,4.435483870967742,18.548387096774192,TSLA,call_mixed,LUNCH,27.419354838709676
,75,22.22222222222222,5.152983902821766,72.0,41.333333333333336,4.0,20.0,TSLA,put_ask,LUNCH,12.0
,481,21.644685802948015,3.6412622468377824,68.60706860706861,37.42203742203743,6.652806652806653,22.03742203742204,TSLA,call_mixed,AM_open,47.4012474012474
,253,21.263157894736835,17.098983275901563,74.30830039525692,38.3399209486166,13.83399209486166,10.276679841897234,TSLA,call_ask,MID,24.110671936758894
,125,20.703437250199837,24.61705977237338,68.8,38.4,24.0,5.6000000000000005,TSLA,call_ask,AM_open,31.2
,627,19.64285714285714,-12.519543011198168,56.45933014354066,30.62200956937799,1.9138755980861244,32.21690590111643,TSLA,put_mixed,MID,15.311004784688995
,119,19.0855927698033,5.48884111824721,70.58823529411765,30.252100840336134,1.680672268907563,11.76470588235294,TSLA,call_ask,LUNCH,11.76470588235294
,265,18.74999999999999,-18.58723196275953,54.71698113207547,30.943396226415093,3.018867924528302,40.0,TSLA,put_mixed,LUNCH,22.641509433962266
,437,18.518518518518512,-4.447235479809151,61.556064073226544,30.205949656750576,2.9748283752860414,26.773455377574372,TSLA,put_mixed,PM,20.59496567505721
,433,15.757575757575742,-8.886284042456236,56.35103926096998,27.713625866050805,2.0785219399538106,27.25173210161663,TSLA,call_mixed,PM,19.399538106235568
,168,13.28325491873396,5.159462091798614,65.47619047619048,28.57142857142857,2.976190476190476,12.5,TSLA,put_ask,PM,11.904761904761903
,418,0.4838815236906685,-23.31190853070172,50.23923444976076,28.947368421052634,2.8708133971291865,43.301435406698566,TSLA,put_mixed,AM_open,12.679425837320574
,193,-1.1199555720103738,-6.54919529667117,44.559585492227974,11.917098445595855,0.0,16.06217616580311,TSLA,call_ask,PM,4.145077720207254
,145,-4.430379746835449,-14.138116516718435,42.758620689655174,20.689655172413794,1.3793103448275863,28.965517241379313,TSLA,put_ask,MID,4.827586206896552
,94,-26.86514691732662,-27.13069511226224,35.1063829787234,17.02127659574468,2.127659574468085,51.06382978723404,TSLA,put_ask,AM_open,5.319148936170213
,30,23.015873015873023,3.957021461585104,70.0,46.666666666666664,3.3333333333333335,26.666666666666668,TSLL,call_ask,MID,46.666666666666664
,43,23.505976095617545,21.812057305101575,86.04651162790698,44.18604651162791,18.6046511627907,11.627906976744185,TSM,call_ask,MID,65.11627906976744
,37,22.22222222222223,2.107957290818159,72.97297297297297,40.54054054054054,21.62162162162162,24.324324324324326,TSM,call_mixed,AM_open,54.054054054054056
,35,14.883720930232572,-13.749397054665494,54.285714285714285,37.142857142857146,17.142857142857142,42.857142857142854,TSM,call_ask,AM_open,37.142857142857146
,46,23.87959866220735,17.85117745737983,89.13043478260869,39.130434782608695,2.1739130434782608,8.695652173913043,USO,call_mixed,MID,63.04347826086957
,56,19.944751381215465,4.324783627365018,76.78571428571429,37.5,1.7857142857142856,19.642857142857142,USO,call_mixed,AM_open,51.78571428571429
,68,19.64912280701755,-3.267452924370833,66.17647058823529,39.705882352941174,11.76470588235294,30.88235294117647,USO,put_mixed,AM_open,36.76470588235294
,52,18.17440203266974,6.6979718028250055,82.6923076923077,25.0,3.8461538461538463,15.384615384615385,USO,call_ask,AM_open,46.15384615384615
,101,17.999999999999993,-9.301537429381705,63.366336633663366,33.663366336633665,14.85148514851485,32.67326732673268,USO,put_ask,AM_open,34.65346534653465
,150,16.666666666666664,13.922839021776005,79.33333333333333,32.0,8.666666666666668,8.666666666666668,USO,call_ask,MID,43.333333333333336
,32,15.756823821339946,4.397360800339093,68.75,18.75,3.125,21.875,USO,call_mixed,PM,28.125
,49,10.000000000000009,2.248560925157644,69.38775510204081,24.489795918367346,4.081632653061225,16.3265306122449,USO,call_ask,LUNCH,18.367346938775512
,113,3.5451197053406975,7.840884663885202,67.2566371681416,19.469026548672566,8.849557522123893,9.734513274336283,USO,call_ask,PM,19.469026548672566
,75,0.0,-11.81084403430635,48.0,21.333333333333336,5.333333333333334,36.0,USO,put_ask,PM,6.666666666666667
,97,-93.10344827586206,-56.331861204752876,26.804123711340207,15.463917525773196,4.123711340206185,72.16494845360825,USO,put_ask,MID,6.185567010309279
,46,-94.97171590194846,-53.34639282441902,32.608695652173914,23.91304347826087,4.3478260869565215,67.3913043478261,USO,put_mixed,MID,4.3478260869565215
,34,19.24632352941176,0.29490568745420503,64.70588235294117,44.11764705882353,20.588235294117645,29.411764705882355,WDC,call_mixed,AM_open,50.0
,40,4.4929228075295455,-5.382688040269606,52.5,35.0,20.0,40.0,WDC,call_ask,AM_open,42.5
,37,11.111111111111121,7.768968610030344,75.67567567567568,27.027027027027028,5.405405405405405,10.81081081081081,XOM,call_ask,PM,27.027027027027028
