date_str,option_chain_id,underlying_symbol,mode,reload,flow_quad,tod,entry_price,act20_trail10,act30_trail10,act30_trail15,act30_trail25,act50_trail15,act50_trail25,act100_trail50,act30_pct25,act50_pct25,act100_pct33,act30_trail10_grace5,act30_trail15_grace5,act50_trail25_grace5,tier_25_holdEod,tier_50_holdEod,tier_25_then_t50_25,tier_25_then_t100_50,hard_30m,hold_to_eod,peak_ceiling,alert_seq,option_type,minutes_since_prev_fire,trigger_window_size,trigger_vol_to_oi_window,trigger_vol_to_oi_cum,trigger_iv,trigger_delta,trigger_ask_pct,open_interest,spot_at_first,strike,lottery,big_lottery,day_of_week,log_entry,abs_delta,moneyness_pct,abs_moneyness,burst_ratio_vs_prev,entry_drop_pct_vs_prev,trigger_time_ct,entry_time_ct,mkt_tide_ncp,mkt_tide_npp,mkt_tide_diff,mkt_tide_net_volume,mkt_tide_otm_ncp,mkt_tide_otm_npp,mkt_tide_otm_diff,mkt_tide_otm_net_volume,spx_flow_ncp,spx_flow_npp,spx_flow_diff,spx_flow_net_volume,spy_flow_ncp,spy_flow_npp,spy_flow_diff,spy_flow_net_volume,qqq_flow_ncp,qqq_flow_npp,qqq_flow_diff,qqq_flow_net_volume,spy_etf_ncp,spy_etf_npp,spy_etf_diff,spy_etf_net_volume,qqq_etf_ncp,qqq_etf_npp,qqq_etf_diff,qqq_etf_net_volume,zero_dte_ncp,zero_dte_npp,zero_dte_diff,zero_dte_net_volume,spx_spot_price,spx_spot_gamma_oi,spx_spot_gamma_vol,spx_spot_gamma_dir,spx_spot_charm_oi,spx_spot_vanna_oi,gex_strike_call_minus_put_oi,gex_strike_net,gex_strike_call_ask_minus_bid,gex_strike_put_ask_minus_bid,gex_strike_actual_strike,gex_strike_underlying_price,regime_bearish,regime_strong_bearish,date_only
2026-04-15,USO260415C00123000,USO,A_intraday_0DTE,True,call_ask,PM,0.15,-66.66666666666666,-66.66666666666666,-66.66666666666666,-66.66666666666666,-66.66666666666666,-66.66666666666666,-66.66666666666666,-66.66666666666666,-66.66666666666666,-66.66666666666666,-66.66666666666666,-66.66666666666666,-66.66666666666666,-66.66666666666666,-66.66666666666666,-66.66666666666666,-66.66666666666666,-26.666666666666668,-66.66666666666666,6.666666666666673,7,call,31.471267666666662,95.0,0.2345679012345679,6.237037037037037,0.5856400055843402,0.289183486967196,1.0,405.0,122.93,123.0,0,0,2,-1.8971199848858813,0.289183486967196,0.0569429756771988,0.0569429756771988,,,2026-04-15 14:15:27.804386-05:00,2026-04-15 14:15:51.230020-05:00,209877604.0,24561652.0,185315952.0,2182388.0,130820699.0,47475093.0,83345606.0,2160873.0,-298924447.0,212172879.0,-511097326.0,-245926.0,3905695.0,-36001659.0,39907354.0,216871.0,11140112.0,9623757.0,1516355.0,-31764.0,156292628.0,55769072.0,100523556.0,746191.0,0.0,0.0,0.0,0.0,5812.63,2825.35,2987.28,1061.0,7015.0,134539792591.07,838951498777.58,123579998260.32,-38208872192224.305,251056692.6512,,,,,,,False,False,2026-04-15
2026-04-15,USO260415C00125000,USO,A_intraday_0DTE,True,call_ask,PM,0.12,100.0,100.0,100.0,100.0,100.0,100.0,75.0,-8.33333333333333,-8.33333333333333,-8.33333333333333,-16.66666666666666,-16.66666666666666,-16.66666666666666,-4.166666666666664,-4.166666666666664,87.5,75.0,-83.33333333333333,-83.33333333333333,125.00000000000004,4,call,5.013495000000001,353.0,0.1470833333333333,1.21125,0.7004585138794428,0.2478897345426094,0.625,2400.0,122.92,125.0,0,0,2,-2.120263536200091,0.2478897345426094,1.6921575008135292,1.6921575008135292,,,2026-04-15 12:47:23.470226-05:00,2026-04-15 12:47:27.355568-05:00,105994996.0,28270543.0,77724453.0,1324031.0,33223390.0,47152309.0,-13928919.0,1261716.0,-249231541.0,140130573.0,-389362114.0,-146158.0,-11504595.0,-23562941.0,12058346.0,162779.0,-3175595.0,-5103619.0,1928024.0,-59802.0,114345550.0,58232609.0,56112941.0,642503.0,85818769.0,103056.0,85715713.0,505344.0,5810.36,-10933.19,16743.55,620.0,7000.0,116301885331.94,374970639311.26,50651786978.88,-23681687698962.45,94369635.214,,,,,,,False,False,2026-04-15
2026-04-15,USO260415P00121000,USO,A_intraday_0DTE,True,put_ask,PM,0.07,14.285714285714276,14.285714285714276,14.285714285714276,14.285714285714276,14.285714285714276,14.285714285714276,-85.71428571428571,14.285714285714276,14.285714285714276,-85.71428571428571,14.285714285714276,14.285714285714276,14.285714285714276,-28.571428571428577,-7.142857142857153,21.428571428571413,-28.571428571428577,-57.14285714285715,-85.71428571428571,71.4285714285714,7,put,204.03273968333332,730.0,1.0,3.704109589041096,1.113528286717419,-0.1407553229202639,0.782608695652174,730.0,123.0527,121.0,0,0,2,-2.659260036932778,0.1407553229202639,-1.6681470621936811,1.6681470621936811,,,2026-04-15 13:10:55.543840-05:00,2026-04-15 13:11:50.299600-05:00,125899587.0,23947241.0,101952346.0,1548708.0,45037134.0,43590682.0,1446452.0,1471572.0,-249566553.0,136861275.0,-386427828.0,-160155.0,-7073894.0,-25295445.0,18221551.0,186474.0,-1779824.0,-4004133.0,2224309.0,-52468.0,0.0,0.0,0.0,0.0,0.0,0.0,0.0,0.0,773.28,1340.34,-567.06,622.0,7005.0,122079065262.92,487698452493.93,63402311116.96,-26474062878205.273,127338792.1095,,,,,,,True,False,2026-04-15
2026-04-16,INTC260417P00066000,INTC,B_multi_day_DTE1_3,True,put_mixed,PM,0.35,-42.85714285714285,-42.85714285714285,-42.85714285714285,-42.85714285714285,-42.85714285714285,-42.85714285714285,-42.85714285714285,-42.85714285714285,-42.85714285714285,-42.85714285714285,-42.85714285714285,-42.85714285714285,-42.85714285714285,-42.85714285714285,-42.85714285714285,-42.85714285714285,-42.85714285714285,-22.857142857142847,-42.85714285714285,0.0,31,put,9.663581166666669,85.0,0.1622137404580152,35.219465648854964,0.7462271207997624,-0.2394229746218188,0.5384615384615384,524.0,64.91,66.0,0,0,3,-1.0498221244986778,0.2394229746218188,1.6792481898012743,1.6792481898012743,,,2026-04-16 13:36:28.638916-05:00,2026-04-16 13:38:51.563507-05:00,-74386122.0,107461946.0,-181848068.0,146232.0,-139587881.0,110969780.0,-250557661.0,135914.0,-94267905.0,137803685.0,-232071590.0,-188811.0,6191858.0,20649101.0,-14457243.0,45437.0,-3894256.0,28275194.0,-32169450.0,-186439.0,-74429632.0,55015330.0,-129444962.0,-151594.0,0.0,0.0,0.0,0.0,1986.33,-889.37,2875.7,177.0,7030.0,122170125859.46,53602508029.74,49149061771.58,-34460716676696.113,136644656.2059,,,,,,,True,False,2026-04-16
2026-04-16,MSTR260417P00143000,MSTR,B_multi_day_DTE1_3,True,put_ask,PM,0.99,-49.494949494949495,-49.494949494949495,-49.494949494949495,-49.494949494949495,-49.494949494949495,-49.494949494949495,-49.494949494949495,-49.494949494949495,-49.494949494949495,-49.494949494949495,-49.494949494949495,-49.494949494949495,-49.494949494949495,-49.494949494949495,-49.494949494949495,-49.494949494949495,-49.494949494949495,-12.12121212121212,-49.494949494949495,8.080808080808088,15,put,29.397571016666667,104.0,0.5048543689320388,9.975728155339803,0.7465740668949171,-0.2766106228755665,0.6,206.0,142.4475,143.0,0,0,3,-0.0100503358535014,0.2766106228755665,0.3878621948437244,0.3878621948437244,2.311111111111111,-59.7560975609756,2026-04-16 13:58:40.930822-05:00,2026-04-16 13:58:51.539473-05:00,-80585840.0,97482317.0,-178068157.0,281072.0,-144804329.0,102838128.0,-247642457.0,260393.0,-82165412.0,144386605.0,-226552017.0,-196615.0,4927600.0,19357132.0,-14429532.0,2166.0,-4353267.0,24520178.0,-28873445.0,-180858.0,0.0,0.0,0.0,0.0,-82028637.0,36813225.0,-118841862.0,-84634.0,-1455.63,-672.38,-783.2500000000001,119.0,7030.0,93965246785.27,30653132541.5,49978071805.37,-35339668329413.56,256292699.2193,,,,,,,True,False,2026-04-16
2026-04-16,MSTR260417P00143000,MSTR,B_multi_day_DTE1_3,True,put_ask,PM,0.99,-49.494949494949495,-49.494949494949495,-49.494949494949495,-49.494949494949495,-49.494949494949495,-49.494949494949495,-49.494949494949495,-49.494949494949495,-49.494949494949495,-49.494949494949495,-49.494949494949495,-49.494949494949495,-49.494949494949495,-49.494949494949495,-49.494949494949495,-49.494949494949495,-49.494949494949495,-12.12121212121212,-49.494949494949495,8.080808080808088,16,put,18.962140483333332,11.0,0.0533980582524271,10.310679611650484,0.7304935723186353,-0.288523288745845,0.8333333333333334,206.0,142.4475,143.0,0,0,3,-0.0100503358535014,0.288523288745845,0.3878621948437244,0.3878621948437244,0.1057692307692307,0.0,2026-04-16 14:17:38.659251-05:00,2026-04-16 14:18:23.284159-05:00,-83765351.0,69809967.0,-153575318.0,331446.0,-143659317.0,112595778.0,-256255095.0,296036.0,-103743970.0,156197266.0,-259941236.0,-203851.0,6694546.0,18259953.0,-11565407.0,-2618.0,-3614354.0,24966269.0,-28580623.0,-188453.0,0.0,0.0,0.0,0.0,-79758498.0,44009091.0,-123767589.0,-92380.0,-15773.07,-41670.11,25897.04,3388.0,7035.0,101930535688.7,236989396762.45,60298334900.63,-42782333123534.05,247384288.5788,,,,,,,True,False,2026-04-16
2026-04-17,RKLB260417P00084000,RKLB,A_intraday_0DTE,True,put_ask,PM,0.06,-83.33333333333333,-83.33333333333333,-83.33333333333333,-83.33333333333333,-83.33333333333333,-83.33333333333333,-83.33333333333333,-83.33333333333333,-83.33333333333333,-83.33333333333333,-83.33333333333333,-83.33333333333333,-83.33333333333333,-83.33333333333333,-83.33333333333333,-83.33333333333333,-83.33333333333333,-83.33333333333333,-83.33333333333333,16.666666666666682,16,put,152.05625366666666,28.0,0.417910447761194,38.014925373134325,1.5771400930505122,-0.1502442938283594,0.8,67.0,84.2,84.0,0,0,4,-2.8134107167600364,0.1502442938283594,-0.2375296912114022,0.2375296912114022,0.2105263157894736,-87.2340425531915,2026-04-17 14:49:29.684294-05:00,2026-04-17 14:50:40.456395-05:00,-95820675.5,89264692.0,-185085367.5,551953.0,-63104480.5,101712803.0,-164817283.5,862311.0,115243367.0,324454209.0,-209210842.0,-432454.0,-56496419.0,29189128.0,-85685547.0,-203058.0,-17675399.0,25165673.0,-42841072.0,-26855.0,-139234528.0,-4680586.0,-134553942.0,-169000.0,0.0,0.0,0.0,0.0,-5437.93,1194.88,-6632.81,1621.0,7125.0,110004560245.0,175366735580.87,83538439548.88,15639053134834.18,134919417.1766,,,,,,,True,True,2026-04-17
2026-04-17,SLV260417P00074000,SLV,A_intraday_0DTE,True,put_ask,PM,0.17,35.29411764705882,35.29411764705882,35.29411764705882,17.64705882352941,35.29411764705882,17.64705882352941,64.70588235294117,17.64705882352941,17.64705882352941,52.941176470588225,17.64705882352941,17.64705882352941,17.64705882352941,149.99999999999997,161.76470588235293,23.529411764705877,47.05882352941176,-11.764705882352953,270.5882352941176,270.5882352941176,13,put,5.150319483333333,244.0,0.1138059701492537,2.9766791044776117,0.5756887086980691,-0.3349611189302518,0.68,2144.0,73.8796,74.0,1,0,4,-1.7719568419318752,0.3349611189302518,0.1629678558086489,0.1629678558086489,,,2026-04-17 10:33:47.339065-05:00,2026-04-17 10:33:47.439214-05:00,118958665.5,6935947.0,112022718.5,761042.0,27815586.5,26155553.0,1660033.5,851555.0,-173555792.0,149910630.0,-323466422.0,-239074.0,-11058313.0,12962458.0,-24020771.0,121573.0,-1489494.0,1540486.0,-3029980.0,-19001.0,39361429.0,-9801301.0,49162730.0,259601.0,0.0,0.0,0.0,0.0,-24.11,109.6,-133.70999999999998,1230.0,7135.0,105216357610.09,218862313861.82,38891017870.54,-13846945420118.06,-20319070.3888,,,,,,,True,False,2026-04-17
2026-04-17,SLV260417P00074000,SLV,A_intraday_0DTE,True,put_ask,PM,0.17,35.29411764705882,35.29411764705882,35.29411764705882,17.64705882352941,35.29411764705882,17.64705882352941,64.70588235294117,17.64705882352941,17.64705882352941,52.941176470588225,17.64705882352941,17.64705882352941,17.64705882352941,149.99999999999997,161.76470588235293,23.529411764705877,47.05882352941176,-11.764705882352953,270.5882352941176,270.5882352941176,24,put,16.86076675,475.0,0.2215485074626865,5.5559701492537314,0.4763563958993454,-0.4674544518511704,0.8666666666666667,2144.0,73.8796,74.0,1,0,4,-1.7719568419318752,0.4674544518511704,0.1629678558086489,0.1629678558086489,1.9467213114754096,0.0,2026-04-17 13:02:02.715664-05:00,2026-04-17 13:02:07.043477-05:00,4494329.5,24016936.0,-19522606.5,1067351.0,-3579608.5,37062814.0,-40642422.5,1273172.0,204028753.0,320129557.0,-116100804.0,-285693.0,-31848624.0,17637821.0,-49486445.0,-150472.0,-7477209.0,6692230.0,-14169439.0,-7157.0,0.0,0.0,0.0,0.0,-67207048.0,-19023671.0,-48183377.0,1779.0,-6919.45,119.34,-7038.79,362.0,7130.0,115064916968.85,219770810741.05,59309958210.52,-26962296375415.91,-26494451.6112,,,,,,,True,True,2026-04-17
2026-04-17,SNOW260417P00143000,SNOW,A_intraday_0DTE,True,put_ask,PM,0.06,33.33333333333334,33.33333333333334,33.33333333333334,33.33333333333334,33.33333333333334,33.33333333333334,-83.33333333333333,-33.33333333333333,-33.33333333333333,-83.33333333333333,33.33333333333334,33.33333333333334,33.33333333333334,-8.333333333333321,-8.333333333333321,50.000000000000014,-8.333333333333321,-33.33333333333333,-83.33333333333333,66.66666666666669,4,put,108.40573288333331,100.0,0.6896551724137931,2.489655172413793,0.6323999680042268,-0.1814780580695786,0.8,145.0,145.4401,143.0,0,0,4,-2.8134107167600364,0.1814780580695786,-1.6777353700939468,1.6777353700939468,,,2026-04-17 12:39:45.711734-05:00,2026-04-17 12:53:44.713113-05:00,-13896598.5,43437149.0,-57333747.5,614185.0,-13052568.5,50378987.0,-63431555.5,824150.0,200269806.0,398385899.0,-198116093.0,-256342.0,-36462937.0,16121006.0,-52583943.0,151707.0,-13513945.0,8060238.0,-21574183.0,-5234.0,0.0,0.0,0.0,0.0,-60164869.0,-14895206.0,-45269663.0,26209.0,12983.69,1248.33,11735.36,557.0,7125.0,116156240086.45,123458768171.81,52114174424.88,-24580155938283.12,104241432.263,,,,,,,True,True,2026-04-17
2026-04-17,SOFI260417P00019500,SOFI,A_intraday_0DTE,True,put_ask,PM,0.04,0.0,75.00000000000001,75.00000000000001,75.00000000000001,75.00000000000001,75.00000000000001,124.99999999999996,124.99999999999996,124.99999999999996,100.0,75.00000000000001,75.00000000000001,75.00000000000001,50.000000000000014,100.0,50.000000000000014,74.99999999999999,75.00000000000001,75.00000000000001,199.99999999999991,15,put,6.099703383333334,77.0,0.0621970920840064,5.316639741518578,0.8867642145376341,-0.2040142037910432,0.7142857142857143,1238.0,19.549,19.5,0,0,4,-3.218875824868201,0.2040142037910432,-0.2506522072740269,0.2506522072740269,0.127062706270627,-60.0,2026-04-17 10:21:40.818292-05:00,2026-04-17 10:21:47.846518-05:00,113526301.5,14813414.0,98712887.5,651606.0,34198472.5,32574665.0,1623807.5,771104.0,-171146536.0,15101159.0,-186247695.0,-236227.0,-7288575.0,16972149.0,-24260724.0,159009.0,-5624714.0,3465301.0,-9090015.0,-20657.0,0.0,0.0,0.0,0.0,0.0,0.0,0.0,0.0,4725.69,3925.12,800.5699999999997,4152.0,7130.0,102488570692.49,175642729730.86,33744332328.91,-14276988217227.58,119959093.7473,,,,,,,True,False,2026-04-17
2026-04-17,SOFI260417P00019500,SOFI,A_intraday_0DTE,True,put_ask,PM,0.04,0.0,75.00000000000001,75.00000000000001,75.00000000000001,75.00000000000001,75.00000000000001,124.99999999999996,124.99999999999996,124.99999999999996,100.0,75.00000000000001,75.00000000000001,75.00000000000001,50.000000000000014,100.0,50.000000000000014,74.99999999999999,75.00000000000001,75.00000000000001,199.99999999999991,21,put,5.005702,318.0,0.2568659127625202,7.589660743134087,0.846271334661405,-0.2513732809917625,0.8095238095238095,1238.0,19.549,19.5,0,0,4,-3.218875824868201,0.2513732809917625,-0.2506522072740269,0.2506522072740269,4.12987012987013,0.0,2026-04-17 12:10:52.242877-05:00,2026-04-17 12:10:52.340244-05:00,66005795.5,9319733.0,56686062.5,1009759.0,24268154.5,29181098.0,-4912943.5,1128301.0,-69097980.0,354296951.0,-423394931.0,-256968.0,-26855767.0,16091414.0,-42947181.0,159176.0,-6683095.0,3078832.0,-9761927.0,-23853.0,-38377315.0,-31708714.0,-6668601.0,202277.0,0.0,0.0,0.0,0.0,9833.09,9872.94,-39.85000000000037,3769.0,7135.0,112045472070.71,343469363394.84,54920643561.71,-18363459809312.91,-12441382.3511,,,,,,,True,True,2026-04-17
2026-04-17,SOFI260417P00019500,SOFI,A_intraday_0DTE,True,put_ask,PM,0.04,0.0,75.00000000000001,75.00000000000001,75.00000000000001,75.00000000000001,75.00000000000001,124.99999999999996,124.99999999999996,124.99999999999996,100.0,75.00000000000001,75.00000000000001,75.00000000000001,50.000000000000014,100.0,50.000000000000014,74.99999999999999,75.00000000000001,75.00000000000001,199.99999999999991,31,put,40.41338296666667,151.0,0.1219709208400646,17.978190630048466,1.3373758886450655,-0.2990057636088251,0.75,1238.0,19.549,19.5,0,0,4,-3.218875824868201,0.2990057636088251,-0.2506522072740269,0.2506522072740269,2.013333333333333,-60.0,2026-04-17 14:49:17.065121-05:00,2026-04-17 14:49:51.531425-05:00,-95820675.5,89264692.0,-185085367.5,551953.0,-63104480.5,101712803.0,-164817283.5,862311.0,115243367.0,324454209.0,-209210842.0,-432454.0,-56496419.0,29189128.0,-85685547.0,-203058.0,-17675399.0,25165673.0,-42841072.0,-26855.0,-139234528.0,-4680586.0,-134553942.0,-169000.0,0.0,0.0,0.0,0.0,-5437.93,1194.88,-6632.81,1621.0,7125.0,110004560245.0,175366735580.87,83538439548.88,15639053134834.18,134919417.1766,,,,,,,True,True,2026-04-17
2026-04-17,SOXL260417P00092000,SOXL,A_intraday_0DTE,True,put_ask,PM,0.1,-10.000000000000009,-10.000000000000009,-10.000000000000009,-10.000000000000009,-10.000000000000009,-10.000000000000009,-90.0,-10.000000000000009,-10.000000000000009,-90.0,-20.000000000000004,-20.000000000000004,-10.000000000000009,-30.0,-15.0,9.999999999999996,-30.0,0.0,-90.0,60.0,25,put,61.94371391666667,67.0,1.1964285714285714,77.23214285714286,1.3755608086692686,-0.1367171337760976,0.6666666666666666,56.0,92.32,92.0,0,0,4,-2.3025850929940455,0.1367171337760976,-0.3466204506065828,0.3466204506065828,7.444444444444445,-52.38095238095237,2026-04-17 13:37:42.363377-05:00,2026-04-17 13:39:24.043813-05:00,-43443004.5,43830201.0,-87273205.5,854101.0,-50557341.5,60038450.0,-110595791.5,1049008.0,147146121.0,312265379.0,-165119258.0,-366339.0,-47032416.0,12960786.0,-59993202.0,-214556.0,-4850246.0,15755684.0,-20605930.0,6424.0,0.0,0.0,0.0,0.0,0.0,0.0,0.0,0.0,3915.7,-8534.33,12450.03,697.0,7125.0,115636885579.94,259456891965.62,72692667555.37,-27752134679688.94,-18843212.4091,,,,,,,True,True,2026-04-17
2026-04-17,SOXL260417P00093000,SOXL,A_intraday_0DTE,True,put_ask,PM,0.31,45.16129032258065,45.16129032258065,45.16129032258065,12.903225806451609,45.16129032258065,12.903225806451609,-96.77419354838707,12.903225806451609,12.903225806451609,-96.77419354838707,6.451612903225811,6.451612903225811,6.451612903225811,-33.87096774193547,-17.741935483870964,20.967741935483872,-33.87096774193547,-29.032258064516125,-96.77419354838707,61.29032258064516,23,put,8.345432383333334,41.0,20.5,2423.0,1.2502827301623922,-0.3133088503730697,0.75,2.0,93.08,93.0,0,0,4,-1.171182981502945,0.3133088503730697,-0.0859475719810931,0.0859475719810931,0.211340206185567,-46.55172413793103,2026-04-17 13:30:39.318018-05:00,2026-04-17 13:30:39.450508-05:00,-41503604.5,47012569.0,-88516173.5,823370.0,-48619065.5,64375799.0,-112994864.5,1022134.0,179068854.0,315623629.0,-136554775.0,-328157.0,-47189915.0,13404411.0,-60594326.0,-205397.0,-3749278.0,14959476.0,-18708754.0,5294.0,-87680601.0,-12787281.0,-74893320.0,-7930.0,-86533058.0,-13299681.0,-73233377.0,-33347.0,-23213.95,44090.5,-67304.45,7103.0,7125.0,117104186568.37,163168749254.17,69704104129.27,-29048837770898.88,-44808197.0976,,,,,,,True,True,2026-04-17
2026-04-17,TQQQ260417P00058000,TQQQ,A_intraday_0DTE,True,put_ask,PM,0.11,18.181818181818183,18.181818181818183,18.181818181818183,9.090909090909086,-90.90909090909092,-90.90909090909092,-90.90909090909092,0.0,-90.90909090909092,-90.90909090909092,0.0,0.0,-90.90909090909092,-27.27272727272728,-90.90909090909092,-27.27272727272728,-27.27272727272728,36.36363636363636,-90.90909090909092,45.45454545454546,18,put,6.128602566666667,338.0,0.8848167539267016,34.361256544502616,0.7271436378371184,-0.2313750433649405,0.6153846153846154,382.0,57.83,58.0,0,0,4,-2.2072749131897207,0.2313750433649405,0.2939650700328533,0.2939650700328533,0.8600508905852418,9.999999999999996,2026-04-17 10:54:25.950906-05:00,2026-04-17 10:54:26.050362-05:00,112555275.5,4909951.0,107645324.5,739754.0,23177383.5,19926645.0,3250738.5,852583.0,-121894473.0,233875192.0,-355769665.0,-230811.0,-10418670.0,15796685.0,-26215355.0,134657.0,1913932.0,4188746.0,-2274814.0,-8974.0,0.0,0.0,0.0,0.0,0.0,0.0,0.0,0.0,1641.38,-1597.78,3239.16,321.0,7135.0,120166481255.23,282851729336.92,44448098013.04,-12524629294707.17,-417829877.362,,,,,,,True,False,2026-04-17
2026-04-17,TQQQ260417P00058000,TQQQ,A_intraday_0DTE,True,put_ask,PM,0.11,18.181818181818183,18.181818181818183,18.181818181818183,9.090909090909086,-90.90909090909092,-90.90909090909092,-90.90909090909092,0.0,-90.90909090909092,-90.90909090909092,0.0,0.0,-90.90909090909092,-27.27272727272728,-90.90909090909092,-27.27272727272728,-27.27272727272728,36.36363636363636,-90.90909090909092,45.45454545454546,22,put,5.62335725,143.0,0.3743455497382199,37.44502617801047,0.6997003480125767,-0.2137521550456363,0.7777777777777778,382.0,57.83,58.0,0,0,4,-2.2072749131897207,0.2137521550456363,0.2939650700328533,0.2939650700328533,0.3479318734793187,9.999999999999996,2026-04-17 11:18:13.124380-05:00,2026-04-17 11:18:15.246380-05:00,135136342.5,4539903.0,130596439.5,853149.0,38904063.5,29471847.0,9432216.5,963011.0,-10179929.0,291282736.0,-301462665.0,-239516.0,1685452.0,15124214.0,-13438762.0,143307.0,-560843.0,2943011.0,-3503854.0,-14887.0,6503093.0,-21299800.0,27802893.0,190004.0,26562169.0,-15461766.0,42023935.0,157743.0,3193.13,1051.36,2141.7700000000004,3155.0,7135.0,96349619193.26,322201366791.33,51593576614.29,-13528227130025.26,185662506.8733,,,,,,,True,False,2026-04-17
2026-04-17,TQQQ260417P00058000,TQQQ,A_intraday_0DTE,True,put_ask,PM,0.11,18.181818181818183,18.181818181818183,18.181818181818183,9.090909090909086,-90.90909090909092,-90.90909090909092,-90.90909090909092,0.0,-90.90909090909092,-90.90909090909092,0.0,0.0,-90.90909090909092,-27.27272727272728,-90.90909090909092,-27.27272727272728,-27.27272727272728,36.36363636363636,-90.90909090909092,45.45454545454546,34,put,5.077631299999999,152.0,0.3979057591623036,48.238219895287955,0.7832543050761167,-0.3199455676616035,0.6,382.0,57.83,58.0,0,0,4,-2.2072749131897207,0.3199455676616035,0.2939650700328533,0.2939650700328533,1.062937062937063,0.0,2026-04-17 12:44:16.378252-05:00,2026-04-17 12:45:35.832327-05:00,-16704613.5,38483324.0,-55187937.5,699227.0,-12677182.5,49682149.0,-62359331.5,904145.0,204257866.0,393916169.0,-189658303.0,-263104.0,-36228995.0,11561149.0,-47790144.0,-154465.0,-11873842.0,7526031.0,-19399873.0,-7570.0,0.0,0.0,0.0,0.0,0.0,0.0,0.0,0.0,10693.64,2376.33,8317.31,586.0,7125.0,117912446511.78,163233532042.43,54248122615.57,-23676752050979.22,-182348391.8256,,,,,,,True,True,2026-04-17
2026-04-17,UNH260417P00322500,UNH,A_intraday_0DTE,True,put_ask,PM,0.32,-96.875,-96.875,-96.875,-96.875,-96.875,-96.875,-96.875,-96.875,-96.875,-96.875,-96.875,-96.875,-96.875,-96.875,-96.875,-96.875,-96.875,-25.000000000000007,-96.875,18.75,19,put,10.520779266666668,33.0,0.5689655172413793,29.551724137931036,0.4889421553792926,-0.271215688194825,0.6666666666666666,58.0,319.95,322.5,0,0,4,-1.1394342831883648,0.271215688194825,0.7969995311767564,0.7969995311767564,,,2026-04-17 13:38:33.505062-05:00,2026-04-17 13:38:33.505137-05:00,-43443004.5,43830201.0,-87273205.5,854101.0,-50557341.5,60038450.0,-110595791.5,1049008.0,147146121.0,312265379.0,-165119258.0,-366339.0,-47032416.0,12960786.0,-59993202.0,-214556.0,-4850246.0,15755684.0,-20605930.0,6424.0,0.0,0.0,0.0,0.0,0.0,0.0,0.0,0.0,3915.7,-8534.33,12450.03,697.0,7125.0,115636885579.94,259456891965.62,72692667555.37,-27752134679688.94,-18843212.4091,,,,,,,True,True,2026-04-17
2026-04-17,USO260417P00114000,USO,A_intraday_0DTE,True,put_mixed,PM,0.28,42.85714285714285,42.85714285714285,42.85714285714285,42.85714285714285,42.85714285714285,42.85714285714285,-96.42857142857144,17.85714285714285,17.85714285714285,-96.42857142857144,-60.71428571428572,-60.71428571428572,-60.71428571428572,-8.928571428571438,-8.928571428571438,60.7142857142857,-8.928571428571438,-85.71428571428571,-96.42857142857144,89.28571428571428,17,put,18.7673237,233.0,0.3456973293768546,7.765578635014837,0.9184096720902304,-0.2243815582868633,0.5238095238095238,674.0,114.64,114.0,0,0,4,-1.272965675812887,0.2243815582868633,-0.5582693649685999,0.5582693649685999,,,2026-04-17 13:23:40.013104-05:00,2026-04-17 13:23:40.013175-05:00,-23947779.5,42599488.0,-66547267.5,822211.0,-31205345.5,60180217.0,-91385562.5,1034054.0,221549483.0,290720377.0,-69170894.0,-317380.0,-38519427.0,14797191.0,-53316618.0,-203721.0,-6773339.0,11140083.0,-17913422.0,-6985.0,0.0,0.0,0.0,0.0,0.0,0.0,0.0,0.0,6911.41,6712.48,198.9300000000003,537.0,7120.0,114684843547.01,29974103962.14,61767103091.61,-29686813004476.5,-99849897.9259,,,,,,,True,True,2026-04-17
2026-04-17,USO260417P00114000,USO,A_intraday_0DTE,True,put_mixed,PM,0.12,8.333333333333341,8.333333333333341,8.333333333333341,8.333333333333341,8.333333333333341,8.333333333333341,-91.66666666666669,8.333333333333341,8.333333333333341,-91.66666666666669,-50.0,-50.0,-50.0,-29.166666666666664,-20.833333333333336,20.833333333333343,-29.166666666666664,-33.33333333333333,-91.66666666666669,50.0,18,put,6.399137666666666,617.0,0.9154302670623146,8.967359050445104,1.0137952214340364,-0.3780358012803272,0.5238095238095238,674.0,114.64,114.0,0,0,4,-2.120263536200091,0.3780358012803272,-0.5582693649685999,0.5582693649685999,2.648068669527897,-57.14285714285715,2026-04-17 13:30:03.961364-05:00,2026-04-17 13:30:33.225340-05:00,-41503604.5,47012569.0,-88516173.5,823370.0,-48619065.5,64375799.0,-112994864.5,1022134.0,179068854.0,315623629.0,-136554775.0,-328157.0,-47189915.0,13404411.0,-60594326.0,-205397.0,-3749278.0,14959476.0,-18708754.0,5294.0,-87680601.0,-12787281.0,-74893320.0,-7930.0,-86533058.0,-13299681.0,-73233377.0,-33347.0,-23213.95,44090.5,-67304.45,7103.0,7125.0,117104186568.37,163168749254.17,69704104129.27,-29048837770898.88,-44808197.0976,,,,,,,True,True,2026-04-17
2026-04-17,USO260417P00115000,USO,A_intraday_0DTE,True,put_ask,PM,0.1,19.99999999999999,19.99999999999999,19.99999999999999,49.999999999999986,49.999999999999986,49.999999999999986,49.999999999999986,49.999999999999986,49.999999999999986,0.0,0.0,0.0,-40.00000000000001,-10.0,14.999999999999991,39.99999999999999,39.99999999999999,-30.0,-50.0,100.0,10,put,52.87627605,661.0,0.1320943245403677,1.854116706634692,1.223593365886844,-0.1494527960677095,0.75,5004.0,114.63,115.0,0,0,4,-2.3025850929940455,0.1494527960677095,0.3227776323824427,0.3227776323824427,,,2026-04-17 14:21:36.221589-05:00,2026-04-17 14:21:36.221689-05:00,-99546856.5,83580870.0,-183127726.5,486111.0,-67053470.5,88922290.0,-155975760.5,779935.0,141362105.0,270687288.0,-129325183.0,-407540.0,-60261252.0,23108814.0,-83370066.0,-176866.0,-13223984.0,22538449.0,-35762433.0,12529.0,0.0,0.0,0.0,0.0,0.0,0.0,0.0,0.0,7949.03,-10537.27,18486.3,6932.0,7120.0,118014843184.41,-28114456154.24,79334240507.04,-29107962857305.7,108952998.4192,,,,,,,True,True,2026-04-17
2026-04-17,XOM260417P00146000,XOM,A_intraday_0DTE,True,put_ask,PM,0.69,37.68115942028986,37.68115942028986,7.24637681159421,7.24637681159421,-94.20289855072464,-94.20289855072464,-94.20289855072464,7.24637681159421,-94.20289855072464,-94.20289855072464,7.24637681159421,7.24637681159421,-94.20289855072464,-23.18840579710145,-94.20289855072464,-23.18840579710145,-23.18840579710145,37.68115942028986,-94.20289855072464,47.82608695652175,2,put,233.69448371666667,502.0,1.1032967032967034,1.78021978021978,0.543724460601132,-0.58419856780854,1.0,455.0,143.9325,146.0,0,0,4,-0.371063681390832,0.58419856780854,1.436437218835218,1.436437218835218,,,2026-04-17 12:31:06.442808-05:00,2026-04-17 12:31:06.442818-05:00,-4894407.5,41759518.0,-46653925.5,613235.0,-4167328.5,48853735.0,-53021063.5,822217.0,152934270.0,407087850.0,-254153580.0,-283299.0,-35958627.0,15892147.0,-51850774.0,154764.0,-13111506.0,8425149.0,-21536655.0,-3959.0,0.0,0.0,0.0,0.0,-56897972.0,-13057193.0,-43840779.0,41872.0,2344.0,868.24,1475.76,523.0,7125.0,91851002975.66,194528476338.37,52375516441.01,-22816420224721.29,319997710.6755,,,,,,,True,True,2026-04-17
2026-04-20,TSLA260420P00392500,TSLA,A_intraday_0DTE,True,put_mixed,PM,0.24,33.33333333333334,33.33333333333334,33.33333333333334,25.0,33.33333333333334,25.0,4.1666666666666705,12.50000000000001,12.50000000000001,4.1666666666666705,-12.5,-12.5,-12.5,16.666666666666668,27.083333333333336,27.083333333333336,16.666666666666668,4.1666666666666705,4.1666666666666705,54.16666666666667,41,put,28.77854365,1599.0,0.9200230149597238,106.39240506329114,0.7404122599239256,-0.3312952110247959,0.5677966101694916,1738.0,402.35,392.5,0,0,0,-1.4271163556401458,0.3312952110247959,-2.4481173107990584,2.4481173107990584,,,2026-04-20 14:51:50.008037-05:00,2026-04-20 14:51:50.010402-05:00,-10597926.0,113913213.0,-124511139.0,197372.0,-34707475.0,67967201.0,-102674676.0,246975.0,61949770.0,-92476623.0,154426393.0,-309573.0,-2163072.0,33111289.0,-35274361.0,-187387.0,24321778.0,18818707.0,5503071.0,-226496.0,0.0,0.0,0.0,0.0,0.0,0.0,0.0,0.0,-4945.98,14707.78,-19653.76,2255.0,7105.0,41130302023.47,-91885912971.92,102612294939.82,-27789546486313.312,25698121.3717,,,,,,,True,True,2026-04-20
2026-04-21,MSFT260422P00417500,MSFT,B_multi_day_DTE1_3,True,put_mixed,PM,0.8,40.00000000000001,40.00000000000001,35.0,23.749999999999993,35.0,23.749999999999993,15.0,15.0,15.0,15.0,28.749999999999996,28.749999999999996,24.999999999999993,21.25,33.12499999999999,25.624999999999993,21.25,-22.500000000000007,15.0,51.249999999999986,19,put,18.48194051666667,228.0,0.1057513914656771,5.206864564007422,0.3909147304758006,-0.1822388481347208,0.5384615384615384,2156.0,420.13,417.5,0,0,1,-0.2231435513142097,0.1822388481347208,-0.6259967153024015,0.6259967153024015,,,2026-04-21 12:38:34.812396-05:00,2026-04-21 12:38:55.230837-05:00,-18262939.5,201588886.0,-219851825.5,-1141782.0,-5751843.5,158188131.0,-163939974.5,-939905.0,-177684131.0,-132707465.0,-44976666.0,-329744.0,-41759891.0,-10840412.0,-30919479.0,-240193.0,-28743167.0,31208367.0,-59951534.0,-54600.0,0.0,0.0,0.0,0.0,0.0,0.0,0.0,0.0,2589.82,1356.41,1233.41,1473.0,7075.0,31672270635.42,-362676701325.03,63145961059.83,-23391769897330.207,576946475.1629,,,,,,,True,False,2026-04-21
2026-04-21,NVDA260422P00197500,NVDA,B_multi_day_DTE1_3,True,put_mixed,PM,0.39,23.076923076923062,23.076923076923062,71.7948717948718,66.66666666666666,71.7948717948718,66.66666666666666,89.74358974358974,84.6153846153846,84.6153846153846,76.9230769230769,115.38461538461536,130.76923076923077,105.12820512820514,52.564102564102555,64.10256410256409,47.43589743589743,58.97435897435897,76.9230769230769,76.9230769230769,146.15384615384613,38,put,45.3581496,2779.0,0.3739738931503162,9.268469923294308,0.369594871539212,-0.1863514206604933,0.5223880597014925,7431.0,202.13,197.5,0,0,1,-0.941608539858445,0.1863514206604933,-2.290605056151984,2.290605056151984,,,2026-04-21 14:30:34.192033-05:00,2026-04-21 14:30:34.192033-05:00,15532681.5,221753656.0,-206220974.5,-1089734.0,43124225.5,177432403.0,-134308177.5,-888587.0,-186034107.0,5974771.0,-192008878.0,-403492.0,-59039215.0,-16526949.0,-42512266.0,-157737.0,-30309333.0,35079614.0,-65388947.0,-51399.0,41509565.0,104181381.0,-62671816.0,-337647.0,37728705.0,65095293.0,-27366588.0,-212233.0,33995.13,-17914.3,51909.42999999999,8569.0,7100.0,47556297787.67,266273315556.22,102933240116.26,-48834367840719.695,427872038.9021,,,,,,,True,True,2026-04-21
2026-04-21,QQQ260421P00642000,QQQ,A_intraday_0DTE,True,put_mixed,PM,0.23,21.739130434782613,21.739130434782613,17.39130434782609,8.69565217391304,56.52173913043477,56.52173913043477,-78.26086956521738,30.43478260869564,30.43478260869564,-78.26086956521738,0.0,0.0,-13.043478260869565,-26.08695652173913,-13.043478260869565,41.30434782608694,-26.08695652173913,-78.26086956521738,-78.26086956521738,82.6086956521739,2,put,5.039259816666667,8131.0,2.460956416464891,31.691888619854723,0.7395057462811908,-0.3496132162125831,0.5204741379310345,3304.0,647.87,642.0,0,0,1,-1.4696759700589417,0.3496132162125831,-0.9060459660117036,0.9060459660117036,,,2026-04-21 14:47:54.081022-05:00,2026-04-21 14:47:56.713640-05:00,-42860281.5,289346167.0,-332206448.5,-1588001.0,10039016.5,217944391.0,-207905374.5,-1308913.0,-185482777.0,-34044606.0,-151438171.0,-423202.0,-67854167.0,-3920754.0,-63933413.0,-148181.0,-32306264.0,44949854.0,-77256118.0,-34022.0,-199076.0,134115875.0,-134314951.0,-461329.0,0.0,0.0,0.0,0.0,-114359.02,-21750.58,-92608.44,8938.0,7065.0,17043163710.87,-867624276222.7,123025647655.15,-75184377038473.11,632430488.822,,,,,,,True,True,2026-04-21
2026-04-21,RUTW260421P02760000,RUTW,A_intraday_0DTE,True,put_ask,PM,0.8,-10.000000000000009,-10.000000000000009,-10.000000000000009,-10.000000000000009,112.49999999999996,112.49999999999996,112.49999999999996,-10.000000000000009,112.49999999999996,112.49999999999996,-22.500000000000007,-22.500000000000007,131.25,-12.499999999999996,68.74999999999999,74.99999999999999,74.99999999999999,-87.5,-62.5,601.25,8,put,38.01393418333334,24.0,0.3636363636363636,11.606060606060606,0.3506914612852144,-0.1963519767659412,1.0,66.0,2803.4694,2760.0,0,0,1,-0.2231435513142097,0.1963519767659412,-1.5505573201547995,1.5505573201547995,,,2026-04-21 13:54:37.706522-05:00,2026-04-21 13:54:38.138066-05:00,-33143102.5,224244053.0,-257387155.5,-1256496.0,7310407.5,178560501.0,-171250093.5,-1046392.0,-142477836.0,-22000012.0,-120477824.0,-370720.0,-54408543.0,-11766133.0,-42642410.0,-195742.0,-34011139.0,35141356.0,-69152495.0,-50998.0,0.0,0.0,0.0,0.0,6776846.0,65721908.0,-58945062.0,-265728.0,-38614.74,2712.05,-41326.79,3020.0,7075.0,33881488891.7,-551074797443.36,97614165608.3,-36037251371416.66,404989825.3595,,,,,,,True,True,2026-04-21
2026-04-21,RUTW260421P02775000,RUTW,A_intraday_0DTE,True,put_ask,PM,0.67,171.6417910447761,171.6417910447761,171.6417910447761,171.6417910447761,171.6417910447761,171.6417910447761,402.9850746268656,1716.4179104477612,1716.4179104477612,1541.7910447761192,402.9850746268656,402.9850746268656,402.9850746268656,951.4925373134328,951.4925373134328,117.91044776119404,233.5820895522388,1838.8059701492537,1838.8059701492537,2471.641791044776,5,put,5.37430625,53.0,1.4324324324324325,19.24324324324324,0.3825642483420619,-0.2232133745217675,0.7272727272727273,37.0,2801.4994,2775.0,1,1,1,-0.4004775665971252,0.2232133745217675,-0.9459006130788428,0.9459006130788428,3.7857142857142856,-46.4,2026-04-21 14:26:42.098434-05:00,2026-04-21 14:28:17.695887-05:00,3078846.5,223522826.0,-220443979.5,-1108901.0,34707612.5,179427710.0,-144720097.5,-903153.0,-168603153.0,-9889825.0,-158713328.0,-394009.0,-59022193.0,-16282639.0,-42739554.0,-151518.0,-30313028.0,35962732.0,-66275760.0,-57373.0,30759356.0,103977183.0,-73217827.0,-334691.0,0.0,0.0,0.0,0.0,53518.58,17770.97,35747.61,6293.0,7095.0,35533658137.12,208342841952.4,99416206581.31,-47606669157965.695,736350134.4597,,,,,,,True,True,2026-04-21
2026-04-21,RUTW260421P02775000,RUTW,A_intraday_0DTE,True,put_ask,PM,0.67,171.6417910447761,171.6417910447761,171.6417910447761,171.6417910447761,171.6417910447761,171.6417910447761,402.9850746268656,1716.4179104477612,1716.4179104477612,1541.7910447761192,402.9850746268656,402.9850746268656,402.9850746268656,951.4925373134328,951.4925373134328,117.91044776119404,233.5820895522388,1838.8059701492537,1838.8059701492537,2471.641791044776,6,put,5.856128916666666,34.0,0.918918918918919,20.16216216216216,0.3759748776657063,-0.1500777650605481,0.6,37.0,2801.4994,2775.0,1,1,1,-0.4004775665971252,0.1500777650605481,-0.9459006130788428,0.9459006130788428,0.6415094339622641,0.0,2026-04-21 14:32:33.466169-05:00,2026-04-21 14:32:45.152361-05:00,15532681.5,221753656.0,-206220974.5,-1089734.0,43124225.5,177432403.0,-134308177.5,-888587.0,-186034107.0,5974771.0,-192008878.0,-403492.0,-59039215.0,-16526949.0,-42512266.0,-157737.0,-30309333.0,35079614.0,-65388947.0,-51399.0,41509565.0,104181381.0,-62671816.0,-337647.0,37728705.0,65095293.0,-27366588.0,-212233.0,33995.13,-17914.3,51909.42999999999,8569.0,7100.0,54919103851.46,290305598351.2,102576515932.46,-43007189608833.72,448770545.184,,,,,,,True,True,2026-04-21
2026-04-21,SPY260421P00701000,SPY,A_intraday_0DTE,True,put_mixed,PM,0.13,15.384615384615378,15.384615384615378,15.384615384615378,15.384615384615378,-53.846153846153854,-53.846153846153854,-53.846153846153854,7.692307692307699,-53.846153846153854,-53.846153846153854,-15.384615384615389,-15.384615384615389,-53.846153846153854,-11.538461538461538,-53.846153846153854,-11.538461538461538,-11.538461538461538,-53.846153846153854,-53.846153846153854,46.15384615384615,2,put,5.019692233333333,7912.0,1.118303886925795,14.241837455830389,0.7911338393170068,-0.2205115293601476,0.5899581589958159,7075.0,710.21,701.0,0,0,1,-2.0402208285265546,0.2205115293601476,-1.2967995381647723,1.2967995381647723,,,2026-04-21 14:48:13.946921-05:00,2026-04-21 14:48:19.692378-05:00,-42860281.5,289346167.0,-332206448.5,-1588001.0,10039016.5,217944391.0,-207905374.5,-1308913.0,-185482777.0,-34044606.0,-151438171.0,-423202.0,-67854167.0,-3920754.0,-63933413.0,-148181.0,-32306264.0,44949854.0,-77256118.0,-34022.0,-199076.0,134115875.0,-134314951.0,-461329.0,0.0,0.0,0.0,0.0,-114359.02,-21750.58,-92608.44,8938.0,7060.0,31691937053.11,-932823739154.7,133607800847.69,-62705025645932.49,516067268.1369,,,,,,,True,True,2026-04-21
2026-04-22,SLV260422P00070000,SLV,A_intraday_0DTE,True,put_ask,PM,0.03,-33.33333333333333,-33.33333333333333,-33.33333333333333,-33.33333333333333,-33.33333333333333,-33.33333333333333,-66.66666666666666,-33.33333333333333,-33.33333333333333,-66.66666666666666,-66.66666666666666,-66.66666666666666,-66.66666666666666,1.4210854715202004e-14,1.4210854715202004e-14,16.66666666666668,1.4210854715202004e-14,-66.66666666666666,-66.66666666666666,66.66666666666669,21,put,31.332919683333333,511.0,0.1896103896103896,4.510575139146567,0.5482695454300822,-0.1313070763154414,0.8,2695.0,70.5403,70.0,0,0,2,-3.506557897319982,0.1313070763154414,-0.7659451405792161,0.7659451405792161,0.8349673202614379,-72.72727272727273,2026-04-22 13:56:35.199385-05:00,2026-04-22 13:56:55.801031-05:00,357677622.5,-26577017.0,384254639.5,645070.0,136086923.5,-17798142.0,153885065.5,591508.0,-28963536.0,202889545.0,-231853081.0,-217311.0,-38017493.0,-4517292.0,-33500201.0,-133632.0,-2323050.0,-1832329.0,-490721.0,-84251.0,0.0,0.0,0.0,0.0,0.0,0.0,0.0,0.0,1195.32,-831.91,2027.23,631.0,7120.0,74625650510.12,160135759197.32,69085698829.94,-55897030123947.91,444700822.9207,,,,,,,True,True,2026-04-22
2026-04-23,AVGO260424P00405000,AVGO,B_multi_day_DTE1_3,True,put_ask,PM,0.92,-17.39130434782609,-17.39130434782609,-17.39130434782609,-17.39130434782609,-17.39130434782609,-17.39130434782609,-17.39130434782609,-17.39130434782609,-17.39130434782609,-17.39130434782609,-17.39130434782609,-17.39130434782609,-17.39130434782609,-17.39130434782609,-17.39130434782609,-17.39130434782609,-17.39130434782609,-17.39130434782609,-17.39130434782609,3.2608695652173822,2,put,125.09125865,219.0,0.4227799227799227,3.5135135135135136,0.5803221968904554,-0.1329471124692095,0.8571428571428571,518.0,422.0,405.0,0,0,3,-0.083381608939051,0.1329471124692095,-4.028436018957349,4.028436018957349,,,2026-04-23 14:50:01.831609-05:00,2026-04-23 14:50:41.003118-05:00,-172654667.0,207998115.5,-380652782.5,-1453241.0,-271186665.5,109508833.5,-380695499.0,-1389732.0,-13169808.0,83619704.0,-96789512.0,-228759.0,9727027.0,26967157.0,-17240130.0,-38623.0,43605782.0,26377124.0,17228658.0,29664.0,-221260547.5,41979075.0,-263239622.5,-646777.0,0.0,0.0,0.0,0.0,-1524.97,456.49,-1981.46,1979.0,7100.0,52112188176.53,-450820817276.07,48789960944.78,-70693350549538.7,522329060.1728,,,,,,,True,False,2026-04-23
2026-04-23,GOOGL260424P00332500,GOOGL,B_multi_day_DTE1_3,True,put_mixed,PM,0.47,-2.1276595744680753,-2.1276595744680753,-2.1276595744680753,-2.1276595744680753,-2.1276595744680753,-2.1276595744680753,-2.1276595744680753,-2.1276595744680753,-2.1276595744680753,-2.1276595744680753,-2.1276595744680753,-2.1276595744680753,-2.1276595744680753,-2.1276595744680753,-2.1276595744680753,-2.1276595744680753,-2.1276595744680753,-2.1276595744680753,-2.1276595744680753,8.51063829787235,4,put,119.04124488333332,674.0,0.447543160690571,1.4409030544488712,0.3552960573842394,-0.1424886031164322,0.5454545454545454,1506.0,341.4,332.5,0,0,3,-0.7550225842780328,0.1424886031164322,-2.606912712360865,2.606912712360865,,,2026-04-23 14:50:47.412469-05:00,2026-04-23 14:50:47.412514-05:00,-172654667.0,207998115.5,-380652782.5,-1453241.0,-271186665.5,109508833.5,-380695499.0,-1389732.0,-13169808.0,83619704.0,-96789512.0,-228759.0,9727027.0,26967157.0,-17240130.0,-38623.0,43605782.0,26377124.0,17228658.0,29664.0,-221260547.5,41979075.0,-263239622.5,-646777.0,0.0,0.0,0.0,0.0,-1524.97,456.49,-1981.46,1979.0,7100.0,52112188176.53,-450820817276.07,48789960944.78,-70693350549538.7,522329060.1728,,,,,,,True,False,2026-04-23
2026-04-23,META260424P00642500,META,B_multi_day_DTE1_3,True,put_mixed,PM,0.97,16.494845360824733,-26.804123711340207,-26.804123711340207,-26.804123711340207,-26.804123711340207,-26.804123711340207,-26.804123711340207,-26.804123711340207,-26.804123711340207,-26.804123711340207,-26.804123711340207,-26.804123711340207,-26.804123711340207,0.0,-26.804123711340207,0.0,0.0,-5.154639175257725,-26.804123711340207,26.804123711340207,6,put,23.86834963333333,768.0,1.786046511627907,7.916279069767442,0.429832622192439,-0.1321433555656078,0.5714285714285714,430.0,663.28,642.5,0,0,3,-0.0304592074847085,0.1321433555656078,-3.132915209263054,3.132915209263054,,,2026-04-23 13:18:52.936951-05:00,2026-04-23 13:18:52.937161-05:00,-116310276.5,243134633.5,-359444910.0,-1497080.0,-214567675.5,105284926.5,-319852602.0,-1429803.0,17991300.0,95556723.0,-77565423.0,-144919.0,12396162.0,27387585.0,-14991423.0,47397.0,28167481.0,22226719.0,5940762.0,31038.0,-176666507.0,52716732.0,-229383239.0,-638777.0,-106867499.0,43988190.0,-150855689.0,-323407.0,6092.14,-1563.08,7655.22,3857.0,7105.0,50218221356.01,-181813654647.72,39805985126.25,-31963489698408.273,403151940.7296,,,,,,,True,False,2026-04-23
2026-04-23,PLTR260424P00137000,PLTR,B_multi_day_DTE1_3,True,put_ask,PM,0.48,-4.166666666666659,-4.166666666666659,-4.166666666666659,-4.166666666666659,-4.166666666666659,-4.166666666666659,-4.166666666666659,-4.166666666666659,-4.166666666666659,-4.166666666666659,-4.166666666666659,-4.166666666666659,-4.166666666666659,-4.166666666666659,-4.166666666666659,-4.166666666666659,-4.166666666666659,-33.33333333333333,-4.166666666666659,16.666666666666682,3,put,63.78992301666666,268.0,0.1691919191919192,1.255050505050505,0.6703041974104744,-0.1649835886138187,1.0,1584.0,149.34,137.0,0,0,3,-0.7339691750802004,0.1649835886138187,-8.2630239721441,8.2630239721441,,,2026-04-23 13:57:44.523944-05:00,2026-04-23 13:59:29.816859-05:00,-118818664.5,215938235.5,-334756900.0,-1374363.0,-229346929.5,87928602.5,-317275532.0,-1327115.0,47185221.0,75343185.0,-28157964.0,-183574.0,14446982.0,26647365.0,-12200383.0,43842.0,37825709.0,22411614.0,15414095.0,33280.0,-195840895.0,52093169.0,-247934064.0,-647458.0,0.0,0.0,0.0,0.0,-5859.34,-3903.29,-1956.05,2056.0,7105.0,39387046029.4,-283062094718.32,38092677017.02,-46486610326074.4,695439299.565,,,,,,,True,False,2026-04-23
2026-04-23,PLTR260424P00137000,PLTR,B_multi_day_DTE1_3,True,put_ask,PM,0.48,-4.166666666666659,-4.166666666666659,-4.166666666666659,-4.166666666666659,-4.166666666666659,-4.166666666666659,-4.166666666666659,-4.166666666666659,-4.166666666666659,-4.166666666666659,-4.166666666666659,-4.166666666666659,-4.166666666666659,-4.166666666666659,-4.166666666666659,-4.166666666666659,-4.166666666666659,-33.33333333333333,-4.166666666666659,16.666666666666682,4,put,53.005061516666665,81.0,0.0511363636363636,1.418560606060606,0.6520581954726284,-0.1844733793255447,0.8823529411764706,1584.0,149.34,137.0,0,0,3,-0.7339691750802004,0.1844733793255447,-8.2630239721441,8.2630239721441,0.3022388059701492,0.0,2026-04-23 14:50:44.827635-05:00,2026-04-23 14:50:44.827750-05:00,-172654667.0,207998115.5,-380652782.5,-1453241.0,-271186665.5,109508833.5,-380695499.0,-1389732.0,-13169808.0,83619704.0,-96789512.0,-228759.0,9727027.0,26967157.0,-17240130.0,-38623.0,43605782.0,26377124.0,17228658.0,29664.0,-221260547.5,41979075.0,-263239622.5,-646777.0,0.0,0.0,0.0,0.0,-1524.97,456.49,-1981.46,1979.0,7100.0,52112188176.53,-450820817276.07,48789960944.78,-70693350549538.7,522329060.1728,,,,,,,True,False,2026-04-23
2026-04-23,QQQ260423P00650000,QQQ,A_intraday_0DTE,True,put_mixed,PM,0.39,48.7179487179487,48.7179487179487,43.5897435897436,33.33333333333333,43.5897435897436,33.33333333333333,71.7948717948718,17.94871794871795,17.94871794871795,51.28205128205126,33.33333333333333,33.33333333333333,33.33333333333333,-33.33333333333333,-20.512820512820515,30.769230769230766,50.0,82.05128205128204,-94.87179487179486,317.9487179487179,10,put,10.322083033333334,3607.0,0.2554351674810566,17.267615607959776,0.350094268851002,-0.18895565590805,0.589041095890411,14121.0,653.08,650.0,0,0,3,-0.941608539858445,0.18895565590805,-0.4716114411710714,0.4716114411710714,0.841380919057616,-77.05882352941177,2026-04-23 13:39:21.223348-05:00,2026-04-23 13:39:22.570959-05:00,-103015875.5,215957494.5,-318973370.0,-1321140.0,-216858606.5,91028731.5,-307887338.0,-1286644.0,-624765.0,123161720.0,-123786485.0,-163271.0,13050303.0,25709516.0,-12659213.0,54037.0,36332632.0,22306848.0,14025784.0,26334.0,-178552390.0,36214545.0,-214766935.0,-583339.0,0.0,0.0,0.0,0.0,16252.35,-3953.5,20205.85,1129.0,7115.0,52046543009.58,-127760911489.44,45592879671.39,-39056889225696.88,755392429.1754,,,,,,,True,False,2026-04-23
2026-04-23,RUTW260423P02760000,RUTW,A_intraday_0DTE,True,put_ask,PM,0.96,14.583333333333348,14.583333333333348,14.583333333333348,0.0,-1.0416666666666676,-1.0416666666666676,144.79166666666669,-1.0416666666666676,-1.0416666666666676,69.79166666666666,-1.0416666666666676,-1.0416666666666676,144.79166666666669,-35.9375,-20.312499999999993,11.979166666666666,84.89583333333334,233.33333333333337,-96.875,264.58333333333337,8,put,45.15421075,46.0,0.6301369863013698,16.84931506849315,0.3820533994566043,-0.1578721620454606,1.0,73.0,2791.3838,2760.0,0,0,3,-0.0408219945202551,0.1578721620454606,-1.1243097419996515,1.1243097419996515,,,2026-04-23 13:30:16.537319-05:00,2026-04-23 13:30:19.514495-05:00,-114051718.5,223329206.5,-337380925.0,-1379071.0,-221094108.5,95543710.5,-316637819.0,-1337057.0,5446110.0,115989400.0,-110543290.0,-165143.0,13874679.0,25980847.0,-12106168.0,49438.0,32561186.0,19275460.0,13285726.0,29169.0,-175248217.0,38590051.0,-213838268.0,-584284.0,-111219461.0,35120445.0,-146339906.0,-285340.0,-12920.44,2080.2,-15000.64,1129.0,7115.0,40941669743.8,-183270398083.14,42448247252.29,-36018398275941.16,932629742.6702,,,,,,,True,True,2026-04-23
2026-04-23,SPY260423P00706000,SPY,A_intraday_0DTE,True,put_mixed,PM,0.24,16.666666666666682,20.83333333333333,16.666666666666682,8.333333333333341,37.500000000000014,37.500000000000014,75.0,0.0,12.50000000000001,12.50000000000001,12.50000000000001,12.50000000000001,-45.83333333333333,-25.0,-6.249999999999993,31.250000000000007,50.0,-83.33333333333333,-75.0,125.00000000000004,11,put,6.5711812499999995,4997.0,1.103334069330978,76.00861117244425,0.3965669407851185,-0.1654450803244632,0.5253623188405797,4529.0,709.32,706.0,0,0,3,-1.4271163556401458,0.1654450803244632,-0.4680539107878023,0.4680539107878023,0.8556506849315069,-84.81012658227847,2026-04-23 14:20:00.974201-05:00,2026-04-23 14:20:04.704219-05:00,-143939635.5,214177302.5,-358116938.0,-1406831.0,-244477008.5,96988801.5,-341465810.0,-1359453.0,37367738.0,55008093.0,-17640355.0,-205055.0,14043618.0,30492312.0,-16448694.0,31787.0,39904171.0,29051296.0,10852875.0,31275.0,0.0,0.0,0.0,0.0,0.0,0.0,0.0,0.0,868.82,-1138.06,2006.88,334.0,7110.0,45402994477.5,-237208690325.35,43180423868.37,-56761018364241.2,875550420.8099,,,,,,,True,False,2026-04-23
2026-04-23,SPY260423P00706000,SPY,A_intraday_0DTE,True,put_mixed,PM,0.24,16.666666666666682,20.83333333333333,16.666666666666682,8.333333333333341,37.500000000000014,37.500000000000014,75.0,0.0,12.50000000000001,12.50000000000001,12.50000000000001,12.50000000000001,-45.83333333333333,-25.0,-6.249999999999993,31.250000000000007,50.0,-83.33333333333333,-75.0,125.00000000000004,14,put,5.130530500000001,5616.0,1.2400088319717375,78.70368734820049,0.4632297873145967,-0.2402112952486847,0.5214408233276158,4529.0,709.32,706.0,0,0,3,-1.4271163556401458,0.2402112952486847,-0.4680539107878023,0.4680539107878023,1.123874324594757,0.0,2026-04-23 14:40:17.618835-05:00,2026-04-23 14:40:17.618835-05:00,-164673849.0,218692251.5,-383366100.5,-1509939.0,-265209633.5,112857064.5,-378066698.0,-1445603.0,16162632.0,87498053.0,-71335421.0,-215785.0,12264476.0,29294711.0,-17030235.0,-16829.0,40353315.0,27146635.0,13206680.0,33805.0,0.0,0.0,0.0,0.0,0.0,0.0,0.0,0.0,5315.37,-5254.1,10569.47,1476.0,7105.0,40607696863.36,-423011323286.85,40690516991.27,-64367486672498.8,680316653.1659,,,,,,,True,False,2026-04-23
2026-04-24,SMH260424P00505000,SMH,A_intraday_0DTE,True,put_mixed,PM,0.33,24.242424242424228,24.242424242424228,24.242424242424228,24.242424242424228,24.242424242424228,24.242424242424228,63.63636363636363,36.36363636363636,36.36363636363636,36.36363636363636,75.75757575757574,75.75757575757574,63.63636363636363,-18.181818181818187,-9.0909090909091,28.78787878787878,48.48484848484848,21.21212121212121,-69.6969696969697,115.15151515151514,31,put,14.42160545,66.0,0.8571428571428571,85.28571428571429,0.5919086895208062,-0.232349857439,0.5384615384615384,77.0,500.875,505.0,0,0,4,-1.1086626245216111,0.232349857439,0.823558772148747,0.823558772148747,4.125,-55.99999999999999,2026-04-24 14:21:30.484232-05:00,2026-04-24 14:21:31.041646-05:00,329373346.5,5600732.0,323772614.5,835374.0,6826454.5,-5045370.0,11871824.5,753063.0,-103578512.0,-79108053.0,-24470459.0,-403150.0,-2870321.0,688706.0,-3559027.0,-185634.0,36803991.0,-1983860.0,38787851.0,-68612.0,181245827.5,-12497303.0,193743130.5,221678.0,0.0,0.0,0.0,0.0,-4125.48,-4521.23,395.75,4134.0,7165.0,92005300755.2,692885202628.34,162608388993.24,-77482036390522.6,317878438.1342,,,,,,,True,False,2026-04-24
2026-04-24,SNDK260424P00980000,SNDK,A_intraday_0DTE,True,put_mixed,PM,0.55,-27.272727272727277,18.181818181818176,18.181818181818176,9.09090909090908,21.818181818181813,21.818181818181813,21.818181818181813,21.818181818181813,21.818181818181813,21.818181818181813,56.363636363636346,56.363636363636346,56.363636363636346,46.363636363636346,83.6363636363636,29.090909090909083,29.090909090909083,56.363636363636346,56.363636363636346,110.90909090909086,27,put,15.9382551,70.0,0.2341137123745819,10.040133779264217,2.7670336035039527,-0.1335153379802681,0.5333333333333333,299.0,957.595,980.0,0,0,4,-0.5978370007556204,0.1335153379802681,2.3397156417900966,2.3397156417900966,,,2026-04-24 14:55:17.051381-05:00,2026-04-24 14:55:27.600124-05:00,316075887.5,38176333.0,277899554.5,639970.0,11457594.5,22791315.0,-11333720.5,608590.0,-15073445.0,-132125291.0,117051846.0,-423198.0,-11853522.0,10754236.0,-22607758.0,-213488.0,33464835.0,3535638.0,29929197.0,-97074.0,188800659.5,-11735721.0,200536380.5,161319.0,0.0,0.0,0.0,0.0,140495.14,18901.95,121593.19000000002,7770.0,7165.0,89529497758.2,745047117965.65,185928350650.85,-40764822401374.48,705221502.6347,,,,,,,True,False,2026-04-24
2026-04-24,TQQQ260424P00062000,TQQQ,A_intraday_0DTE,True,put_mixed,PM,0.12,8.333333333333341,-91.66666666666669,-91.66666666666669,-91.66666666666669,-91.66666666666669,-91.66666666666669,-91.66666666666669,-91.66666666666669,-91.66666666666669,-91.66666666666669,-91.66666666666669,-91.66666666666669,-91.66666666666669,-33.333333333333336,-91.66666666666669,-33.333333333333336,-33.333333333333336,-8.33333333333333,-91.66666666666669,25.0,32,put,5.7243692,181.0,0.7869565217391304,61.65652173913043,0.6546649083071844,-0.354227453278843,0.5555555555555556,230.0,61.135,62.0,0,0,4,-2.120263536200091,0.354227453278843,1.414901447615935,1.414901447615935,,,2026-04-24 12:36:53.312188-05:00,2026-04-24 12:37:00.632660-05:00,324171931.5,16558379.0,307613552.5,581663.0,25346315.5,-13961780.0,39308095.5,533657.0,-99532165.0,-103382532.0,3850367.0,-238853.0,1240501.0,5591784.0,-4351283.0,-13244.0,15455718.0,-5338907.0,20794625.0,-57800.0,219146571.5,-13508690.0,232655261.5,289318.0,236301162.5,-14539480.0,250840642.5,252328.0,9043.1,-1086.97,10130.07,3456.0,7155.0,77882927250.5,263203121887.36,74468901370.17,-37051904167610.23,464390929.2766,,,,,,,True,False,2026-04-24
2026-04-24,TQQQ260424P00062000,TQQQ,A_intraday_0DTE,True,put_mixed,PM,0.12,8.333333333333341,-91.66666666666669,-91.66666666666669,-91.66666666666669,-91.66666666666669,-91.66666666666669,-91.66666666666669,-91.66666666666669,-91.66666666666669,-91.66666666666669,-91.66666666666669,-91.66666666666669,-91.66666666666669,-33.333333333333336,-91.66666666666669,-33.333333333333336,-33.333333333333336,-8.33333333333333,-91.66666666666669,25.0,33,put,6.960180733333333,108.0,0.4695652173913043,62.743478260869566,0.6839699386320897,-0.3097606387130628,0.6,230.0,61.135,62.0,0,0,4,-2.120263536200091,0.3097606387130628,1.414901447615935,1.414901447615935,0.5966850828729282,0.0,2026-04-24 12:43:50.923032-05:00,2026-04-24 12:44:16.116377-05:00,328155619.5,13223995.0,314931624.5,622813.0,21957889.5,-17173629.0,39131518.5,565920.0,-87733468.0,-106395650.0,18662182.0,-240522.0,643718.0,5268460.0,-4624742.0,-37965.0,19896850.0,-5239583.0,25136433.0,-52400.0,219613287.5,-17097100.0,236710387.5,304409.0,235922941.5,-17163468.0,253086409.5,264893.0,-3837.65,5306.84,-9144.49,1647.0,7160.0,77247384790.57,316754800003.63,81690428667.66,-37553070174439.61,375212424.1691,,,,,,,True,True,2026-04-24
2026-04-24,TQQQ260424P00062000,TQQQ,A_intraday_0DTE,True,put_mixed,PM,0.07,14.285714285714276,28.57142857142855,28.57142857142855,28.57142857142855,28.57142857142855,28.57142857142855,-85.71428571428571,14.285714285714276,14.285714285714276,-85.71428571428571,28.57142857142855,28.57142857142855,28.57142857142855,-28.571428571428577,-14.285714285714288,28.57142857142855,-28.571428571428577,57.14285714285713,-85.71428571428571,71.4285714285714,34,put,16.433085383333335,352.0,1.5304347826086957,66.82608695652173,0.7284045197934906,-0.2077913010949548,0.5833333333333334,230.0,61.135,62.0,0,0,4,-2.659260036932778,0.2077913010949548,1.414901447615935,1.414901447615935,3.259259259259259,-41.66666666666666,2026-04-24 13:00:16.908155-05:00,2026-04-24 13:00:16.908155-05:00,343660633.5,-6004155.0,349664788.5,778812.0,7364082.5,-30795476.0,38159558.5,697700.0,-47288724.0,-85929457.0,38640733.0,-247639.0,2110429.0,2229689.0,-119260.0,-58489.0,27607560.0,-5779547.0,33387107.0,-53642.0,208141328.5,-15076137.0,223217465.5,310842.0,214322850.5,-13374141.0,227696991.5,238675.0,17437.99,-7204.37,24642.36,2195.0,7160.0,83044972304.6,381691119462.05,92480910462.78,-42682655665968.48,605033906.2095,,,,,,,True,False,2026-04-24
2026-04-24,TQQQ260424P00062000,TQQQ,A_intraday_0DTE,True,put_mixed,PM,0.07,-85.71428571428571,-85.71428571428571,-85.71428571428571,-85.71428571428571,-85.71428571428571,-85.71428571428571,-85.71428571428571,-85.71428571428571,-85.71428571428571,-85.71428571428571,-85.71428571428571,-85.71428571428571,-85.71428571428571,-85.71428571428571,-85.71428571428571,-85.71428571428571,-85.71428571428571,-28.571428571428577,-85.71428571428571,14.285714285714276,34,put,16.433085383333335,352.0,1.5304347826086957,66.82608695652173,0.7284045197934906,-0.2077913010949548,0.5833333333333334,230.0,61.135,62.0,0,0,4,-2.659260036932778,0.2077913010949548,1.414901447615935,1.414901447615935,1.0,0.0,2026-04-24 13:00:16.908155-05:00,2026-04-24 13:00:16.908155-05:00,343660633.5,-6004155.0,349664788.5,778812.0,7364082.5,-30795476.0,38159558.5,697700.0,-47288724.0,-85929457.0,38640733.0,-247639.0,2110429.0,2229689.0,-119260.0,-58489.0,27607560.0,-5779547.0,33387107.0,-53642.0,208141328.5,-15076137.0,223217465.5,310842.0,214322850.5,-13374141.0,227696991.5,238675.0,17437.99,-7204.37,24642.36,2195.0,7160.0,83044972304.6,381691119462.05,92480910462.78,-42682655665968.48,605033906.2095,,,,,,,True,False,2026-04-24
2026-04-24,TQQQ260424P00062000,TQQQ,A_intraday_0DTE,True,put_mixed,PM,0.12,8.333333333333341,-91.66666666666669,-91.66666666666669,-91.66666666666669,-91.66666666666669,-91.66666666666669,-91.66666666666669,-91.66666666666669,-91.66666666666669,-91.66666666666669,-91.66666666666669,-91.66666666666669,-91.66666666666669,-33.333333333333336,-91.66666666666669,-33.333333333333336,-33.333333333333336,-8.33333333333333,-91.66666666666669,25.0,36,put,14.773095066666666,66.0,0.2869565217391304,67.66521739130435,0.6950246320096444,-0.2995506196039969,0.5714285714285714,230.0,61.135,62.0,0,0,4,-2.120263536200091,0.2995506196039969,1.414901447615935,1.414901447615935,0.1875,71.4285714285714,2026-04-24 13:20:23.182999-05:00,2026-04-24 13:20:57.377281-05:00,319720748.5,-2385981.0,322106729.5,690328.0,685511.5,-24057351.0,24742862.5,617150.0,-48019201.0,-83267640.0,35248439.0,-289890.0,-176336.0,811656.0,-987992.0,-54424.0,31430206.0,-1097834.0,32528040.0,-41964.0,185641445.5,-16708743.0,202350188.5,276073.0,194210012.5,-14622372.0,208832384.5,204899.0,1159.11,1301.52,-142.41000000000008,443.0,7155.0,71286011836.41,319993391676.98,92584226572.92,-51863046819087.1,907766240.1943,,,,,,,True,False,2026-04-24
2026-04-24,TQQQ260424P00062000,TQQQ,A_intraday_0DTE,True,put_mixed,PM,0.07,14.285714285714276,28.57142857142855,28.57142857142855,28.57142857142855,28.57142857142855,28.57142857142855,-85.71428571428571,14.285714285714276,14.285714285714276,-85.71428571428571,28.57142857142855,28.57142857142855,28.57142857142855,-28.571428571428577,-14.285714285714288,28.57142857142855,-28.571428571428577,57.14285714285713,-85.71428571428571,71.4285714285714,38,put,10.61683355,214.0,0.9304347826086956,68.98260869565217,0.705374108699727,-0.2474069011844956,0.5333333333333333,230.0,61.135,62.0,0,0,4,-2.659260036932778,0.2474069011844956,1.414901447615935,1.414901447615935,3.242424242424242,-41.66666666666666,2026-04-24 13:36:01.512384-05:00,2026-04-24 13:36:10.852343-05:00,308298554.5,-9147465.0,317446019.5,772373.0,-4057318.5,-25124996.0,21067677.5,695177.0,-52249690.0,-82062013.0,29812323.0,-298943.0,-901689.0,1800978.0,-2702667.0,-83531.0,35369614.0,-842953.0,36212567.0,-50007.0,180731463.5,-22534345.0,203265808.5,305590.0,186014896.5,-19265498.0,205280394.5,223003.0,39931.59,16316.48,23615.109999999997,5138.0,7155.0,79708131161.5,389934006363.62,105142120840.48,-55533054985048.09,619503383.4713,,,,,,,True,False,2026-04-24
2026-04-24,TQQQ260424P00062000,TQQQ,A_intraday_0DTE,True,put_mixed,PM,0.07,-85.71428571428571,-85.71428571428571,-85.71428571428571,-85.71428571428571,-85.71428571428571,-85.71428571428571,-85.71428571428571,-85.71428571428571,-85.71428571428571,-85.71428571428571,-85.71428571428571,-85.71428571428571,-85.71428571428571,-85.71428571428571,-85.71428571428571,-85.71428571428571,-85.71428571428571,-28.571428571428577,-85.71428571428571,14.285714285714276,38,put,10.61683355,214.0,0.9304347826086956,68.98260869565217,0.705374108699727,-0.2474069011844956,0.5333333333333333,230.0,61.135,62.0,0,0,4,-2.659260036932778,0.2474069011844956,1.414901447615935,1.414901447615935,1.0,0.0,2026-04-24 13:36:01.512384-05:00,2026-04-24 13:36:10.852343-05:00,308298554.5,-9147465.0,317446019.5,772373.0,-4057318.5,-25124996.0,21067677.5,695177.0,-52249690.0,-82062013.0,29812323.0,-298943.0,-901689.0,1800978.0,-2702667.0,-83531.0,35369614.0,-842953.0,36212567.0,-50007.0,180731463.5,-22534345.0,203265808.5,305590.0,186014896.5,-19265498.0,205280394.5,223003.0,39931.59,16316.48,23615.109999999997,5138.0,7155.0,79708131161.5,389934006363.62,105142120840.48,-55533054985048.09,619503383.4713,,,,,,,True,False,2026-04-24
2026-04-24,TQQQ260424P00062000,TQQQ,A_intraday_0DTE,True,put_mixed,PM,0.07,14.285714285714276,28.57142857142855,28.57142857142855,28.57142857142855,28.57142857142855,28.57142857142855,-85.71428571428571,14.285714285714276,14.285714285714276,-85.71428571428571,28.57142857142855,28.57142857142855,28.57142857142855,-28.571428571428577,-14.285714285714288,28.57142857142855,-28.571428571428577,57.14285714285713,-85.71428571428571,71.4285714285714,39,put,7.12701045,265.0,1.1521739130434785,70.37826086956522,0.7077810937072874,-0.2127655107456365,0.5454545454545454,230.0,61.135,62.0,0,0,4,-2.659260036932778,0.2127655107456365,1.414901447615935,1.414901447615935,1.2383177570093458,0.0,2026-04-24 13:43:09.133011-05:00,2026-04-24 13:43:17.647441-05:00,316563537.5,-9263233.0,325826770.5,840284.0,-161730.5,-23710004.0,23548273.5,756836.0,-54426568.0,-77407716.0,22981148.0,-300134.0,-305410.0,1589764.0,-1895174.0,-87178.0,36542724.0,-439519.0,36982243.0,-48149.0,0.0,0.0,0.0,0.0,0.0,0.0,0.0,0.0,-2119.89,28.07,-2147.96,348.0,7160.0,85491582134.16,426712302616.78,111145171069.42,-61362281854730.09,329925315.9664,,,,,,,True,False,2026-04-24
2026-04-24,TQQQ260424P00062000,TQQQ,A_intraday_0DTE,True,put_mixed,PM,0.07,-85.71428571428571,-85.71428571428571,-85.71428571428571,-85.71428571428571,-85.71428571428571,-85.71428571428571,-85.71428571428571,-85.71428571428571,-85.71428571428571,-85.71428571428571,-85.71428571428571,-85.71428571428571,-85.71428571428571,-85.71428571428571,-85.71428571428571,-85.71428571428571,-85.71428571428571,-28.571428571428577,-85.71428571428571,14.285714285714276,39,put,7.12701045,265.0,1.1521739130434785,70.37826086956522,0.7077810937072874,-0.2127655107456365,0.5454545454545454,230.0,61.135,62.0,0,0,4,-2.659260036932778,0.2127655107456365,1.414901447615935,1.414901447615935,1.0,0.0,2026-04-24 13:43:09.133011-05:00,2026-04-24 13:43:17.647441-05:00,316563537.5,-9263233.0,325826770.5,840284.0,-161730.5,-23710004.0,23548273.5,756836.0,-54426568.0,-77407716.0,22981148.0,-300134.0,-305410.0,1589764.0,-1895174.0,-87178.0,36542724.0,-439519.0,36982243.0,-48149.0,0.0,0.0,0.0,0.0,0.0,0.0,0.0,0.0,-2119.89,28.07,-2147.96,348.0,7160.0,85491582134.16,426712302616.78,111145171069.42,-61362281854730.09,329925315.9664,,,,,,,True,False,2026-04-24
2026-04-24,TQQQ260424P00062000,TQQQ,A_intraday_0DTE,True,put_mixed,PM,0.07,14.285714285714276,28.57142857142855,28.57142857142855,28.57142857142855,28.57142857142855,28.57142857142855,-85.71428571428571,14.285714285714276,14.285714285714276,-85.71428571428571,28.57142857142855,28.57142857142855,28.57142857142855,-28.571428571428577,-14.285714285714288,28.57142857142855,-28.571428571428577,57.14285714285713,-85.71428571428571,71.4285714285714,40,put,6.796167833333333,27.0,0.117391304347826,70.51739130434783,0.7123242644420907,-0.2386396149790728,0.7142857142857143,230.0,61.135,62.0,0,0,4,-2.659260036932778,0.2386396149790728,1.414901447615935,1.414901447615935,0.1018867924528302,0.0,2026-04-24 13:49:56.903081-05:00,2026-04-24 13:49:56.903371-05:00,318618773.5,-6864848.0,325483621.5,833302.0,2523315.5,-23277308.0,25800623.5,756252.0,-69389339.0,-110853479.0,41464140.0,-368935.0,-1984888.0,1844087.0,-3828975.0,-98349.0,35508917.0,-623510.0,36132427.0,-47848.0,0.0,0.0,0.0,0.0,189317034.5,-17460987.0,206778021.5,206759.0,-217.06,-2542.95,2325.89,334.0,7160.0,89398602515.34,418954413607.83,111148587909.96,-68960729658340.6,553030479.888,,,,,,,True,False,2026-04-24
2026-04-24,TQQQ260424P00062000,TQQQ,A_intraday_0DTE,True,put_mixed,PM,0.07,-85.71428571428571,-85.71428571428571,-85.71428571428571,-85.71428571428571,-85.71428571428571,-85.71428571428571,-85.71428571428571,-85.71428571428571,-85.71428571428571,-85.71428571428571,-85.71428571428571,-85.71428571428571,-85.71428571428571,-85.71428571428571,-85.71428571428571,-85.71428571428571,-85.71428571428571,-28.571428571428577,-85.71428571428571,14.285714285714276,40,put,6.796167833333333,27.0,0.117391304347826,70.51739130434783,0.7123242644420907,-0.2386396149790728,0.7142857142857143,230.0,61.135,62.0,0,0,4,-2.659260036932778,0.2386396149790728,1.414901447615935,1.414901447615935,1.0,0.0,2026-04-24 13:49:56.903081-05:00,2026-04-24 13:49:56.903371-05:00,318618773.5,-6864848.0,325483621.5,833302.0,2523315.5,-23277308.0,25800623.5,756252.0,-69389339.0,-110853479.0,41464140.0,-368935.0,-1984888.0,1844087.0,-3828975.0,-98349.0,35508917.0,-623510.0,36132427.0,-47848.0,0.0,0.0,0.0,0.0,189317034.5,-17460987.0,206778021.5,206759.0,-217.06,-2542.95,2325.89,334.0,7160.0,89398602515.34,418954413607.83,111148587909.96,-68960729658340.6,553030479.888,,,,,,,True,False,2026-04-24
2026-04-24,TSLA260424P00375000,TSLA,A_intraday_0DTE,True,put_mixed,PM,0.35,17.142857142857142,-82.85714285714285,-82.85714285714285,-82.85714285714285,-82.85714285714285,-82.85714285714285,-82.85714285714285,-82.85714285714285,-82.85714285714285,-82.85714285714285,-82.85714285714285,-82.85714285714285,-82.85714285714285,-28.57142857142856,-82.85714285714285,-28.57142857142856,-28.57142857142856,-71.42857142857143,-82.85714285714285,28.57142857142858,30,put,14.288165616666667,5528.0,0.5663354164532323,22.203872554041595,0.5286667750590281,-0.2759081460248018,0.5267857142857143,9761.0,373.5,375.0,0,0,4,-1.0498221244986778,0.2759081460248018,0.4016064257028162,0.4016064257028162,1.5186813186813186,-65.34653465346535,2026-04-24 14:05:10.212958-05:00,2026-04-24 14:05:10.213039-05:00,314914711.5,-7998954.0,322913665.5,878793.0,37666.5,-22315221.0,22352887.5,815005.0,-62031965.0,-83737563.0,21705598.0,-378033.0,-1366947.0,1662420.0,-3029367.0,-140125.0,36031059.0,-2051767.0,38082826.0,-66303.0,0.0,0.0,0.0,0.0,0.0,0.0,0.0,0.0,182861.9,36634.34,146227.56,10103.0,7160.0,86440153491.37,533938163401.98,128408798017.66,-70496828794106.7,339324018.649,,,,,,,True,False,2026-04-24
2026-04-24,TSLA260424P00377500,TSLA,A_intraday_0DTE,True,put_mixed,PM,0.65,41.53846153846154,41.53846153846154,40.0,43.07692307692308,40.0,43.07692307692308,84.6153846153846,7.692307692307682,7.692307692307682,84.6153846153846,30.76923076923076,30.76923076923076,29.230769230769223,55.38461538461537,69.23076923076923,34.61538461538461,55.38461538461537,84.6153846153846,84.6153846153846,104.61538461538464,42,put,16.721563,1640.0,0.3155059638322431,12.805886879569066,0.5685400993897801,-0.5741081834844389,0.5217391304347826,5198.0,373.5,377.5,0,0,4,-0.4307829160924542,0.5741081834844389,1.070950468540821,1.070950468540821,1.6125860373647984,-75.1908396946565,2026-04-24 14:39:28.591540-05:00,2026-04-24 14:39:29.943978-05:00,309312322.5,16659543.0,292652779.5,671827.0,5012023.5,16011436.0,-10999412.5,609918.0,-48948383.0,-169422342.0,120473959.0,-424120.0,-10456077.0,9421978.0,-19878055.0,-174734.0,33521046.0,685355.0,32835691.0,-74546.0,0.0,0.0,0.0,0.0,0.0,0.0,0.0,0.0,23447.86,453.66,22994.2,931.0,7160.0,71608277363.66,565876336530.02,158795026257.25,-75663588560638.3,743987919.9154,,,,,,,True,False,2026-04-24
2026-04-27,SLV260427P00068000,SLV,A_intraday_0DTE,True,put_mixed,PM,0.08,12.499999999999991,25.000000000000007,12.499999999999991,12.499999999999991,-87.50000000000001,-87.50000000000001,-87.50000000000001,0.0,-87.50000000000001,-87.50000000000001,0.0,0.0,-87.50000000000001,-31.250000000000004,-87.50000000000001,-31.250000000000004,-31.250000000000004,-37.5,-87.50000000000001,37.5,14,put,170.79868428333333,549.0,0.2900158478605388,3.340200739566825,0.3587465535981294,-0.3462773394555035,0.5294117647058824,1893.0,68.3,68.0,0,0,0,-2.5257286443082556,0.3462773394555035,-0.4392386530014613,0.4392386530014613,2.356223175965665,-57.89473684210527,2026-04-27 12:53:17.234442-05:00,2026-04-27 12:53:17.236993-05:00,80698493.0,77897037.0,2801456.0,-282787.0,-1424490.0,59095036.0,-60519526.0,-252628.0,-21647442.0,-74797445.0,53150003.0,-249624.0,26061467.0,13410091.0,12651376.0,277868.0,9865787.0,-1230569.0,11096356.0,-24113.0,0.0,0.0,0.0,0.0,33052435.0,-5549508.0,38601943.0,218958.0,-4631.56,2722.73,-7354.290000000001,1235.0,7175.0,51639519843.71,277485232482.79,60199014729.85,-28903845783187.38,1047203130.0107,,,,,,,True,True,2026-04-27
2026-04-29,TSLA260429P00372500,TSLA,A_intraday_0DTE,True,put_mixed,PM,0.59,37.28813559322035,37.28813559322035,28.813559322033903,22.033898305084747,-35.593220338983045,-35.593220338983045,-35.593220338983045,8.474576271186448,-35.593220338983045,-35.593220338983045,-8.474576271186429,-8.474576271186429,-35.593220338983045,-5.08474576271186,-35.593220338983045,-5.08474576271186,-5.08474576271186,0.0,-35.593220338983045,47.45762711864408,26,put,35.0580981,2324.0,0.7680105750165235,50.45769993390615,0.6439465103730885,-0.3563639765579562,0.5228426395939086,3026.0,375.35,372.5,0,0,2,-0.527632742082372,0.3563639765579562,-0.7592913280937807,0.7592913280937807,1.0931326434619002,-68.94736842105263,2026-04-29 14:10:34.634633-05:00,2026-04-29 14:10:35.992404-05:00,-103814191.0,56502237.0,-160316428.0,-636830.0,-88494823.0,28093727.0,-116588550.0,-630075.0,37316529.0,-136702354.0,174018883.0,-247721.0,-22461197.0,39865403.0,-62326600.0,-74994.0,-20645205.0,15666645.0,-36311850.0,-94255.0,0.0,0.0,0.0,0.0,-23467795.5,-11247917.0,-12219878.5,-74430.0,97270.85,-1309.92,98580.77,6456.0,7125.0,41708460715.8,36428263415.47,17420756295.79,-52850992335682.8,654478309.6271,,,,,,,True,True,2026-04-29
2026-04-29,USO260429P00148000,USO,A_intraday_0DTE,True,put_mixed,PM,0.15,-6.666666666666654,-86.66666666666667,-86.66666666666667,-86.66666666666667,-86.66666666666667,-86.66666666666667,-86.66666666666667,-86.66666666666667,-86.66666666666667,-86.66666666666667,-86.66666666666667,-86.66666666666667,-86.66666666666667,-86.66666666666667,-86.66666666666667,-86.66666666666667,-86.66666666666667,0.0,-86.66666666666667,20.0,15,put,8.5798766,1407.0,21.646153846153847,50.09230769230769,0.9445669236191306,-0.1660717934378293,0.5384615384615384,65.0,146.2359,148.0,0,0,2,-1.8971199848858813,0.1660717934378293,1.206338525628814,1.206338525628814,21.646153846153847,-75.80645161290323,2026-04-29 13:34:02.823826-05:00,2026-04-29 13:34:02.823982-05:00,-100171582.5,69982645.0,-170154227.5,-731461.0,-82639427.5,39338185.0,-121977612.5,-706567.0,44346807.0,-144961402.0,189308209.0,-222914.0,-22037461.0,40921794.0,-62959255.0,-27430.0,-26832231.0,15326378.0,-42158609.0,-81752.0,-18307652.5,27666245.0,-45973897.5,-239898.0,-10633724.5,6032555.0,-16666279.5,-118514.0,611.86,-928.12,1539.98,210.0,7110.0,17393976387.4,-144918291838.06,14990324634.61,-40063852124440.195,725849713.384,,,,,,,True,True,2026-04-29
2026-04-30,GOOG260501P00370000,GOOG,B_multi_day_DTE1_3,True,put_mixed,PM,0.43,-30.232558139534888,-30.232558139534888,-30.232558139534888,-30.232558139534888,-30.232558139534888,-30.232558139534888,-30.232558139534888,-30.232558139534888,-30.232558139534888,-30.232558139534888,-30.232558139534888,-30.232558139534888,-30.232558139534888,-30.232558139534888,-30.232558139534888,-30.232558139534888,-30.232558139534888,-30.232558139534888,-30.232558139534888,4.651162790697678,24,put,22.50025045,92.0,0.1866125760649087,21.734279918864097,0.419831168463217,-0.134643292579394,0.5555555555555556,493.0,372.21,370.0,0,0,3,-0.843970070294529,0.134643292579394,-0.5937508395797986,0.5937508395797986,0.3982683982683982,-42.66666666666667,2026-04-30 14:55:19.224968-05:00,2026-04-30 14:55:22.877096-05:00,55032639.5,-133783512.0,188816151.5,883185.0,-143957096.5,-74557015.5,-69400081.0,680493.0,-156633806.0,-176802534.0,20168728.0,-493103.0,2554817.0,31020238.0,-28465421.0,-170242.0,62424317.0,-11309042.0,73733359.0,-166148.0,0.0,0.0,0.0,0.0,0.0,0.0,0.0,0.0,12210.61,-9299.84,21510.45,1178.0,7210.0,75341256180.78,762187707015.82,177008407484.2,-43263918386098.52,769901546.0039,,,,,,,True,False,2026-04-30
2026-04-30,META260501P00597500,META,B_multi_day_DTE1_3,True,put_ask,PM,0.99,11.11111111111112,33.33333333333334,18.181818181818176,18.181818181818176,41.41414141414141,41.41414141414141,41.41414141414141,41.41414141414141,41.41414141414141,41.41414141414141,41.41414141414141,41.41414141414141,41.41414141414141,40.4040404040404,41.41414141414141,40.4040404040404,40.4040404040404,-9.090909090909088,41.41414141414141,46.464646464646464,31,put,29.18938508333333,118.0,0.466403162055336,12.711462450592885,0.5061441900855007,-0.1311312330752617,0.6363636363636364,253.0,619.75,597.5,0,0,3,-0.0100503358535014,0.1311312330752617,-3.590157321500609,3.590157321500609,,,2026-04-30 13:26:25.380705-05:00,2026-04-30 13:30:05.864374-05:00,-7085314.5,-139798638.5,132713324.0,413650.0,-172639120.5,-98054846.0,-74584274.5,290868.0,-117643288.0,-169191244.0,51547956.0,-391685.0,-1378099.0,16150428.0,-17528527.0,-596.0,63968829.0,-11824007.0,75792836.0,-131804.0,-84788211.5,-102998492.5,18210281.0,25057.0,0.0,0.0,0.0,0.0,-833.35,-2568.26,1734.9100000000003,1017.0,7200.0,119310946207.97,470184129808.76,100716849226.0,-45979794897012.6,-145091352.597,,,,,,,True,False,2026-04-30
2026-04-30,QQQ260430P00663000,QQQ,A_intraday_0DTE,True,put_mixed,PM,0.25,-88.0,-88.0,-88.0,-88.0,-88.0,-88.0,-88.0,-88.0,-88.0,-88.0,-88.0,-88.0,-88.0,-88.0,-88.0,-88.0,-88.0,-40.0,-88.0,8.000000000000007,5,put,218.58355695,1018.0,0.2707446808510638,39.08510638297872,0.3989107065733824,-0.1310221648949961,0.52,3760.0,665.37,663.0,0,0,3,-1.3862943611198906,0.1310221648949961,-0.3561927949862542,0.3561927949862542,,,2026-04-30 13:08:55.870652-05:00,2026-04-30 13:08:56.201887-05:00,14885332.5,-135546184.5,150431517.0,518576.0,-164332717.5,-104827362.0,-59505355.5,363006.0,-92889901.0,-178980622.0,86090721.0,-371042.0,5759362.0,17617281.0,-11857919.0,23901.0,61632645.0,-18188837.0,79821482.0,-132921.0,-72511324.5,-91154217.5,18642893.0,32694.0,0.0,0.0,0.0,0.0,-1416.47,-1198.11,-218.36000000000013,524.0,7195.0,73694849951.98,418457236902.23,85022483168.05,-39254846961618.234,585821325.4747,248184552.37,69519273.87,-3388067119.71,-3194568441.7,663.0,667.23,True,False,2026-04-30
2026-04-30,QQQ260430P00665000,QQQ,A_intraday_0DTE,True,put_mixed,PM,0.54,-83.33333333333334,-83.33333333333334,-83.33333333333334,-83.33333333333334,-83.33333333333334,-83.33333333333334,-83.33333333333334,-83.33333333333334,-83.33333333333334,-83.33333333333334,-83.33333333333334,-83.33333333333334,-83.33333333333334,-83.33333333333334,-83.33333333333334,-83.33333333333334,-83.33333333333334,-31.481481481481488,-83.33333333333334,3.703703703703707,5,put,227.7869070333333,4220.0,1.81739879414298,27.046080964685615,0.3555177347695126,-0.2649398032673224,0.5210084033613446,2322.0,665.36,665.0,0,0,3,-0.616186139423817,0.2649398032673224,-0.0541060478537969,0.0541060478537969,,,2026-04-30 13:04:24.923874-05:00,2026-04-30 13:04:25.170116-05:00,5181432.5,-124610776.5,129792209.0,446283.0,-165118914.5,-93307061.0,-71811853.5,302251.0,-80035179.0,-199881446.0,119846267.0,-363252.0,5526417.0,16984938.0,-11458521.0,-8140.0,61378037.0,-17244941.0,78622978.0,-123995.0,0.0,0.0,0.0,0.0,0.0,0.0,0.0,0.0,70798.29,-8410.99,79209.28,4727.0,7200.0,98337946570.9,401281603843.83,81581064182.71,-36488583002230.78,203341382.2282,726720523.29,539995740.53,-7078665200.56,-2286614641.64,665.0,667.42,True,False,2026-04-30
2026-04-30,QQQ260430P00666000,QQQ,A_intraday_0DTE,True,put_mixed,PM,0.77,-70.12987012987013,-70.12987012987013,-70.12987012987013,-70.12987012987013,-70.12987012987013,-70.12987012987013,-70.12987012987013,-70.12987012987013,-70.12987012987013,-70.12987012987013,-70.12987012987013,-70.12987012987013,-70.12987012987013,-70.12987012987013,-70.12987012987013,-70.12987012987013,-70.12987012987013,-27.272727272727263,-70.12987012987013,7.792207792207785,6,put,209.10261393333337,4168.0,18.524444444444445,137.42222222222222,0.3501484487188891,-0.3418904571906491,0.58656330749354,225.0,665.37,666.0,0,0,3,-0.2613647641344075,0.3418904571906491,0.0946841606925374,0.0946841606925374,,,2026-04-30 13:05:26.613833-05:00,2026-04-30 13:05:27.892533-05:00,14885332.5,-135546184.5,150431517.0,518576.0,-164332717.5,-104827362.0,-59505355.5,363006.0,-92889901.0,-178980622.0,86090721.0,-371042.0,5759362.0,17617281.0,-11857919.0,23901.0,61632645.0,-18188837.0,79821482.0,-132921.0,-72511324.5,-91154217.5,18642893.0,32694.0,0.0,0.0,0.0,0.0,-1416.47,-1198.11,-218.36000000000013,524.0,7200.0,92951124784.03,404141352433.52,83768749705.56,-36888808199625.805,471983405.8997,117531347.04,95626977.24,-6798862384.639999,-1400565404.64,666.0,667.23,True,False,2026-04-30
2026-04-30,QQQ260430P00667000,QQQ,A_intraday_0DTE,True,put_mixed,PM,0.86,29.06976744186048,29.06976744186048,24.4186046511628,13.953488372093023,-39.53488372093023,-39.53488372093023,-39.53488372093023,3.4883720930232593,-39.53488372093023,-39.53488372093023,8.139534883720938,8.139534883720938,-39.53488372093023,-6.9767441860465045,-39.53488372093023,-6.9767441860465045,-6.9767441860465045,-33.720930232558146,-39.53488372093023,39.53488372093023,6,put,267.9557275166666,1382.0,5.831223628691983,175.168776371308,0.3529580752339513,-0.4216629080775579,0.5201793721973094,237.0,665.37,667.0,0,0,3,-0.1508228897345836,0.4216629080775579,0.2449764792521458,0.2449764792521458,,,2026-04-30 13:48:01.608337-05:00,2026-04-30 13:48:02.609922-05:00,12822939.5,-162843115.5,175666055.0,613557.0,-158716988.5,-109644678.0,-49072310.5,439584.0,-174565184.0,-125730302.0,-48834882.0,-422287.0,-5062968.0,10514023.0,-15576991.0,-41327.0,68001127.0,-12257755.0,80258882.0,-137607.0,-73650373.5,-118019441.5,44369068.0,94844.0,-115400571.0,-35266838.5,-80133732.5,-43200.0,57733.53,-2340.55,60074.08,5437.0,7205.0,105784812672.27,502353562501.47,116400469775.54,-50903521024099.3,189807541.3814,229558490.59,200234432.95,-5850015452.25,-2252075253.9,667.0,667.54,True,False,2026-04-30
2026-05-01,RDDT260501P00165000,RDDT,A_intraday_0DTE,True,put_ask,PM,0.24,54.16666666666667,54.16666666666667,41.66666666666668,41.66666666666668,41.66666666666668,41.66666666666668,-79.16666666666667,25.0,25.0,-79.16666666666667,54.16666666666667,41.66666666666668,41.66666666666668,-10.416666666666668,-10.416666666666668,50.00000000000001,-10.416666666666668,87.50000000000001,-79.16666666666667,87.50000000000001,6,put,69.74409311666666,112.0,0.7777777777777778,4.020833333333333,1.2644976004468484,-0.1444350818895877,0.6,144.0,163.5,165.0,0,0,4,-1.4271163556401458,0.1444350818895877,0.917431192660545,0.917431192660545,,,2026-05-01 12:38:23.015468-05:00,2026-05-01 12:42:37.274389-05:00,192310440.0,-99393381.0,291703821.0,619423.0,-6687687.0,-27636540.0,20948853.0,532017.0,-13243580.0,43359684.0,-56603264.0,-243131.0,-29058428.0,-16047654.0,-13010774.0,-43037.0,-1921282.0,-23635514.0,21714232.0,-9683.0,0.0,0.0,0.0,0.0,0.0,0.0,0.0,0.0,-3155.1,-11451.42,8296.32,3111.0,7250.0,126665468295.84,101228018019.29,66160730166.16,-29119098722835.406,18341820.152,,,,,,,True,False,2026-05-01
2026-05-01,RDDT260501P00167500,RDDT,A_intraday_0DTE,True,put_ask,PM,0.2,130.0,130.0,130.0,130.0,130.0,130.0,130.0,120.0,120.0,100.0,349.99999999999994,349.99999999999994,349.99999999999994,192.49999999999997,252.49999999999991,82.5,82.5,349.99999999999994,349.99999999999994,349.99999999999994,5,put,95.0157683,35.0,2.5,32.142857142857146,1.9109652645327504,-0.1365692321396869,0.6666666666666666,14.0,160.61,167.5,1,0,4,-1.6094379124341005,0.1365692321396869,4.289894776165859,4.289894776165859,,,2026-05-01 14:51:24.286389-05:00,2026-05-01 14:52:06.097865-05:00,260660254.0,-166832417.0,427492671.0,807748.0,-20064337.0,-63904256.0,43839919.0,680394.0,-11440605.0,26227531.0,-37668136.0,-326565.0,-39815017.0,-9596579.0,-30218438.0,-279235.0,15678645.0,-32987828.0,48666473.0,-54310.0,0.0,0.0,0.0,0.0,0.0,0.0,0.0,0.0,-53320.87,7883.22,-61204.09,7280.0,7240.0,103921823219.94,-317324850717.86,114898756701.76,-36499402819886.88,254330732.5439,,,,,,,True,True,2026-05-01
2026-05-01,SNDK260501P01170000,SNDK,A_intraday_0DTE,True,put_mixed,PM,0.31,0.0,0.0,0.0,0.0,0.0,0.0,0.0,0.0,0.0,0.0,0.0,0.0,0.0,0.0,0.0,0.0,0.0,0.0,0.0,0.0,3,put,28.10690695,102.0,3.2903225806451615,8.0,3.752642198093056,-0.1894794617953224,0.5714285714285714,31.0,1078.5,1170.0,0,0,4,-1.171182981502945,0.1894794617953224,8.484005563282327,8.484005563282327,,,2026-05-01 14:58:55.744458-05:00,2026-05-01 14:59:22.654519-05:00,251229593.0,-168233323.0,419462916.0,752246.0,-27754492.0,-64923427.0,37168935.0,625751.0,-10346162.0,4128453.0,-14474615.0,-333221.0,-34786713.0,-9917051.0,-24869662.0,-287061.0,15604174.0,-32126626.0,47730800.0,-64496.0,0.0,0.0,0.0,0.0,0.0,0.0,0.0,0.0,-49532.6,-28360.3,-21172.3,3479.0,7235.0,106435170485.42,-1236329135574.97,182227212189.36,-33591600070827.18,53058171.7148,,,,,,,True,True,2026-05-01
2026-05-01,SOXL260501P00130000,SOXL,A_intraday_0DTE,True,put_ask,PM,0.83,54.21686746987952,54.21686746987952,54.21686746987952,54.21686746987952,54.21686746987952,54.21686746987952,-75.90361445783131,22.89156626506025,22.89156626506025,-75.90361445783131,54.21686746987952,54.21686746987952,22.89156626506025,-25.301204819277096,-12.048192771084324,39.75903614457832,-25.301204819277096,-39.75903614457831,-75.90361445783131,86.74698795180724,3,put,73.28731061666667,143.0,0.3504901960784313,1.7745098039215683,1.026953615045675,-0.5614452670958274,0.8,408.0,127.7407,130.0,0,0,4,-0.1863295781914934,0.5614452670958274,1.7686610453833351,1.7686610453833351,,,2026-05-01 13:40:56.903608-05:00,2026-05-01 13:40:56.903615-05:00,235320373.0,-102010005.0,337330378.0,607851.0,604550.0,-34365681.0,34970231.0,518800.0,17050270.0,25868994.0,-8818724.0,-269215.0,-42899552.0,-9402209.0,-33497343.0,-117996.0,-5002316.0,-28350002.0,23347686.0,4245.0,0.0,0.0,0.0,0.0,0.0,0.0,0.0,0.0,-17199.84,-17582.25,382.40999999999985,3726.0,7235.0,103127861145.38,-371677334753.86,75686801759.1,-47743138451889.51,122446722.2982,,,,,,,True,True,2026-05-01
2026-05-01,SOXL260501P00130000,SOXL,A_intraday_0DTE,True,put_ask,PM,0.24,16.666666666666682,16.666666666666682,16.666666666666682,4.1666666666666705,41.66666666666668,41.66666666666668,-16.66666666666666,4.1666666666666705,12.50000000000001,-16.66666666666666,4.1666666666666705,4.1666666666666705,41.66666666666668,4.16666666666667,25.000000000000018,33.33333333333334,4.16666666666667,-58.33333333333333,-16.66666666666666,75.0,5,put,36.362912566666665,89.0,0.2181372549019608,2.9901960784313726,1.2809530967543268,-0.3123253310489651,1.0,408.0,127.7407,130.0,0,0,4,-1.4271163556401458,0.3123253310489651,1.7686610453833351,1.7686610453833351,0.6223776223776224,-71.08433734939759,2026-05-01 14:24:17.115740-05:00,2026-05-01 14:25:13.356882-05:00,239540980.0,-135219989.0,374760969.0,799293.0,-11457705.0,-54135100.0,42677395.0,686363.0,-24892434.0,44484241.0,-69376675.0,-298718.0,-35597286.0,-12007481.0,-23589805.0,-168589.0,-4618960.0,-29214848.0,24595888.0,-33756.0,0.0,0.0,0.0,0.0,0.0,0.0,0.0,0.0,23444.52,17408.37,6036.1500000000015,2618.0,7245.0,104517262585.12,-95097833926.25,110084696498.45,-54146535169904.8,379624641.0392,,,,,,,True,False,2026-05-01
2026-05-01,TQQQ260501P00065000,TQQQ,A_intraday_0DTE,True,put_ask,PM,0.02,0.0,0.0,0.0,0.0,0.0,0.0,0.0,0.0,0.0,0.0,0.0,0.0,0.0,24.999999999999993,0.0,24.999999999999993,24.999999999999993,0.0,0.0,49.999999999999986,39,put,42.610798216666666,105.0,0.2169421487603305,34.80165289256198,1.5271402523657658,-0.1304585273902019,0.6470588235294118,484.0,64.1,65.0,0,0,4,-3.912023005428146,0.1304585273902019,1.404056162246503,1.404056162246503,,,2026-05-01 14:56:11.646374-05:00,2026-05-01 14:56:25.497008-05:00,251229593.0,-168233323.0,419462916.0,752246.0,-27754492.0,-64923427.0,37168935.0,625751.0,-10346162.0,4128453.0,-14474615.0,-333221.0,-34786713.0,-9917051.0,-24869662.0,-287061.0,15604174.0,-32126626.0,47730800.0,-64496.0,0.0,0.0,0.0,0.0,0.0,0.0,0.0,0.0,-49532.6,-28360.3,-21172.3,3479.0,7235.0,106237441729.77,-941216121867.9,144528494377.06,-28747174985902.152,-86860317.8754,,,,,,,True,True,2026-05-01
2026-05-01,TSLA260501P00390000,TSLA,A_intraday_0DTE,True,put_mixed,PM,0.15,0.0,20.0,13.333333333333346,133.33333333333331,80.00000000000001,133.33333333333331,100.0,86.66666666666669,86.66666666666669,73.33333333333336,-66.66666666666666,-66.66666666666666,-66.66666666666666,-19.999999999999993,-3.3333333333333286,80.0,63.333333333333336,-66.66666666666666,-66.66666666666666,160.0,29,put,161.86823046666666,2234.0,0.6603606266627254,41.66213420041383,0.8779112496541933,-0.1304173468962542,0.5625,3383.0,382.31,390.0,0,0,4,-1.8971199848858813,0.1304173468962542,2.0114566712877036,2.0114566712877036,0.4982158786797502,-88.00000000000001,2026-05-01 14:51:19.757197-05:00,2026-05-01 14:51:22.421187-05:00,260660254.0,-166832417.0,427492671.0,807748.0,-20064337.0,-63904256.0,43839919.0,680394.0,-11440605.0,26227531.0,-37668136.0,-326565.0,-39815017.0,-9596579.0,-30218438.0,-279235.0,15678645.0,-32987828.0,48666473.0,-54310.0,0.0,0.0,0.0,0.0,0.0,0.0,0.0,0.0,-53320.87,7883.22,-61204.09,7280.0,7240.0,103921823219.94,-317324850717.86,114898756701.76,-36499402819886.88,254330732.5439,,,,,,,True,True,2026-05-01
2026-05-01,TSLA260501P00392500,TSLA,A_intraday_0DTE,True,put_mixed,PM,0.23,13.043478260869565,17.39130434782609,17.39130434782609,21.739130434782613,69.56521739130434,60.8695652173913,65.21739130434781,8.69565217391304,60.8695652173913,43.47826086956522,-34.78260869565218,-34.78260869565218,73.91304347826087,313.04347826086956,326.0869565217391,43.4782608695652,45.65217391304347,-30.434782608695656,600.0,891.3043478260869,29,put,14.363904133333332,7528.0,12.737732656514382,157.99830795262267,0.5731681443386689,-0.1354181160992005,0.5212355212355212,591.0,382.475,392.5,1,1,4,-1.4696759700589417,0.1354181160992005,2.6210863455127686,2.6210863455127686,1.8187968108238703,-83.08823529411765,2026-05-01 12:44:31.976085-05:00,2026-05-01 12:44:32.274582-05:00,197527223.0,-100188165.0,297715388.0,649431.0,-4153136.0,-29245342.0,25092206.0,560051.0,-12247073.0,43546963.0,-55794036.0,-252693.0,-30165935.0,-16016919.0,-14149016.0,-49986.0,-2814598.0,-23677972.0,20863374.0,-20365.0,0.0,0.0,0.0,0.0,0.0,0.0,0.0,0.0,-6656.37,-6060.95,-595.4200000000001,2176.0,7250.0,113083791295.24,130698941893.3,70304945667.32,-30800670228052.273,411172394.1815,,,,,,,True,False,2026-05-01
2026-05-01,TSLA260501P00392500,TSLA,A_intraday_0DTE,True,put_mixed,PM,0.23,13.043478260869565,17.39130434782609,17.39130434782609,21.739130434782613,69.56521739130434,60.8695652173913,65.21739130434781,8.69565217391304,60.8695652173913,43.47826086956522,-34.78260869565218,-34.78260869565218,73.91304347826087,313.04347826086956,326.0869565217391,43.4782608695652,45.65217391304347,-30.434782608695656,600.0,891.3043478260869,36,put,8.182972099999999,1439.0,2.4348561759729273,218.77326565143824,0.5981137301054322,-0.16033716540104,0.5284974093264249,591.0,382.475,392.5,1,1,4,-1.4696759700589417,0.16033716540104,2.6210863455127686,2.6210863455127686,0.1911530286928799,0.0,2026-05-01 14:05:48.675265-05:00,2026-05-01 14:05:50.581378-05:00,225303218.0,-105640501.0,330943719.0,674302.0,-10619239.0,-36007726.0,25388487.0,578833.0,-5910744.0,20514883.0,-26425627.0,-284351.0,-40298564.0,-11608326.0,-28690238.0,-147920.0,-4270982.0,-27455956.0,23184974.0,-20446.0,0.0,0.0,0.0,0.0,0.0,0.0,0.0,0.0,8993.67,-7635.1,16628.77,3348.0,7240.0,99057626171.52,-390571615984.43,88718083632.3,-53476020021475.8,225094978.7251,,,,,,,True,False,2026-05-01
2026-05-01,TSLA260501P00395000,TSLA,A_intraday_0DTE,True,put_mixed,PM,0.76,15.789473684210526,30.26315789473684,24.999999999999993,14.473684210526311,49.999999999999986,36.8421052631579,72.36842105263158,5.263157894736847,67.10526315789474,63.1578947368421,-21.052631578947373,-21.052631578947373,97.36842105263158,233.55263157894737,245.3947368421053,32.23684210526316,50.0,18.42105263157895,439.4736842105263,603.9473684210526,27,put,22.600721166666663,2934.0,2.3472,56.1192,0.577354845559572,-0.2978301921857142,0.5201149425287356,1250.0,384.47,395.0,1,0,4,-0.2744368457017603,0.2978301921857142,2.7388352797357296,2.7388352797357296,,,2026-05-01 12:49:04.520256-05:00,2026-05-01 12:49:07.048989-05:00,221873148.0,-106747638.0,328620786.0,709676.0,-892362.0,-33921953.0,33029591.0,607117.0,-16513428.0,30334864.0,-46848292.0,-254605.0,-31241307.0,-15999361.0,-15241946.0,-54607.0,-3355482.0,-23882266.0,20526784.0,-22857.0,0.0,0.0,0.0,0.0,0.0,0.0,0.0,0.0,3755.37,-6546.69,10302.06,1349.0,7250.0,114955739347.73,119799418412.56,71776726258.06,-31473037830147.45,495141795.5687,,,,,,,True,False,2026-05-01
2026-05-01,TSLL260501P00013000,TSLL,A_intraday_0DTE,True,put_ask,PM,0.01,0.0,0.0,0.0,0.0,0.0,0.0,0.0,0.0,0.0,0.0,0.0,0.0,0.0,0.0,0.0,0.0,0.0,0.0,0.0,0.0,10,put,189.71352691666667,415.0,0.2582451773490977,2.398257622899813,2.094673012183483,-0.1689618648375162,1.0,1607.0,12.635,13.0,0,0,4,-4.605170185988091,0.1689618648375162,2.888800949742776,2.888800949742776,,,2026-05-01 14:51:29.675682-05:00,2026-05-01 14:51:29.675787-05:00,260660254.0,-166832417.0,427492671.0,807748.0,-20064337.0,-63904256.0,43839919.0,680394.0,-11440605.0,26227531.0,-37668136.0,-326565.0,-39815017.0,-9596579.0,-30218438.0,-279235.0,15678645.0,-32987828.0,48666473.0,-54310.0,0.0,0.0,0.0,0.0,0.0,0.0,0.0,0.0,-53320.87,7883.22,-61204.09,7280.0,7240.0,103921823219.94,-317324850717.86,114898756701.76,-36499402819886.88,254330732.5439,,,,,,,True,True,2026-05-01
2026-05-01,TSLL260501P00013000,TSLL,A_intraday_0DTE,True,put_ask,PM,0.01,0.0,0.0,0.0,0.0,0.0,0.0,0.0,0.0,0.0,0.0,0.0,0.0,0.0,0.0,0.0,0.0,0.0,0.0,0.0,0.0,11,put,5.546296816666667,722.0,0.4492843808338519,2.8562538892345986,1.960299766211664,-0.2177616003734777,1.0,1607.0,12.635,13.0,0,0,4,-4.605170185988091,0.2177616003734777,2.888800949742776,2.888800949742776,1.7397590361445785,0.0,2026-05-01 14:57:02.453491-05:00,2026-05-01 14:57:57.860304-05:00,251229593.0,-168233323.0,419462916.0,752246.0,-27754492.0,-64923427.0,37168935.0,625751.0,-10346162.0,4128453.0,-14474615.0,-333221.0,-34786713.0,-9917051.0,-24869662.0,-287061.0,15604174.0,-32126626.0,47730800.0,-64496.0,0.0,0.0,0.0,0.0,0.0,0.0,0.0,0.0,-49532.6,-28360.3,-21172.3,3479.0,7235.0,71583627041.84,-1067279072673.3,152193499671.85,-27426188403134.32,526204711.5862,,,,,,,True,True,2026-05-01
2026-05-01,WDC260501P00425000,WDC,A_intraday_0DTE,True,put_ask,PM,0.3,-86.66666666666667,-86.66666666666667,-86.66666666666667,-86.66666666666667,-86.66666666666667,-86.66666666666667,-86.66666666666667,-86.66666666666667,-86.66666666666667,-86.66666666666667,-86.66666666666667,-86.66666666666667,-86.66666666666667,-86.66666666666667,-86.66666666666667,-86.66666666666667,-86.66666666666667,-86.66666666666667,-86.66666666666667,0.0,15,put,19.911563866666665,215.0,1.3782051282051282,8.865384615384615,1.7509655355740463,-0.2322778788749229,0.6,156.0,408.215,425.0,0,0,4,-1.203972804325936,0.2322778788749229,4.111803828864691,4.111803828864691,5.375,-91.42857142857144,2026-05-01 14:50:07.620409-05:00,2026-05-01 14:51:46.645341-05:00,260660254.0,-166832417.0,427492671.0,807748.0,-20064337.0,-63904256.0,43839919.0,680394.0,-11440605.0,26227531.0,-37668136.0,-326565.0,-39815017.0,-9596579.0,-30218438.0,-279235.0,15678645.0,-32987828.0,48666473.0,-54310.0,0.0,0.0,0.0,0.0,0.0,0.0,0.0,0.0,-53320.87,7883.22,-61204.09,7280.0,7240.0,104029014775.84,-411978051227.01,122819992658.23,-51104643183625.0,247404176.5973,,,,,,,True,True,2026-05-01
