date,bucket_start,bucket_end,symbol,option_chain_id,strike,option_type,expiry,is_otm,n_prints,total_volume,total_premium,max_print_premium,buy_volume,sell_volume,mid_volume,buy_vol_pct,sell_vol_pct,buy_premium_pct,bucket_spot,spot_min,spot_max,moneyness_pct,composite_score,rank_in_day,rank_in_day_symbol
2026-04-22,2026-04-22 08:35:00,2026-04-22 08:40:00,QQQ,QQQ260422P00647000,647.0,put,2026-04-22,True,767,7901,904623.0,50904.0,4205,3221,475,0.5322111125174028,0.4076699152006075,0.5315175492995424,648.97998046875,648.6599731445312,649.4400024414062,-0.0030509114739100045,8.07271221267805,1,1
2026-04-22,2026-04-22 09:15:00,2026-04-22 09:20:00,SPY,SPY260422P00708000,708.0,put,2026-04-22,True,1168,12595,839690.0,40200.0,7303,5203,89,0.5798332671695117,0.4131004366812227,0.5796972692303112,710.2349853515625,710.0999755859375,710.4000244140625,-0.003146825202445067,8.059769206840071,2,1
2026-04-22,2026-04-22 09:30:00,2026-04-22 09:35:00,SPXW,SPXW260422P07100000,7100.0,put,2026-04-22,True,793,2101,1239941.0,33500.0,895,863,343,0.4259876249405045,0.4107567824845312,0.42605172342877606,7123.02978515625,7120.8798828125,7129.759765625,-0.0032331445818522325,8.049509719786093,3,1
2026-04-22,2026-04-22 09:50:00,2026-04-22 09:55:00,SPXW,SPXW260422P07100000,7100.0,put,2026-04-22,True,778,1534,931597.0,12200.0,733,558,243,0.47783572359843546,0.363754889178618,0.4857604736812162,7122.18994140625,7119.14013671875,7127.68017578125,-0.003115606518332854,8.02030706568044,4,2
2026-04-22,2026-04-22 08:50:00,2026-04-22 08:55:00,QQQ,QQQ260422P00647000,647.0,put,2026-04-22,True,1541,8403,877071.0,48929.0,4580,3434,389,0.5450434368677853,0.40866357253361896,0.5456604995490673,649.1099853515625,648.530029296875,649.7222900390625,-0.0032505821804909027,8.013521092039442,5,2
2026-04-22,2026-04-22 09:00:00,2026-04-22 09:05:00,SPY,SPY260422C00712000,712.0,call,2026-04-22,True,2506,15499,698329.0,8600.0,8851,6492,156,0.5710691012323376,0.4188657332731144,0.5779639682728341,709.7100219726562,709.2899780273438,709.9199829101562,0.003226638988383876,7.954032971330688,6,2
2026-04-22,2026-04-22 09:15:00,2026-04-22 09:20:00,SPXW,SPXW260422C07150000,7150.0,call,2026-04-22,True,1234,4351,1319418.0,151800.0,1253,2722,376,0.287979774764422,0.6256033095840037,0.32072853333818396,7126.31005859375,7124.759765625,7127.56005859375,0.003324292826366972,7.9438234191787,7,3
2026-04-22,2026-04-22 09:20:00,2026-04-22 09:25:00,SPXW,SPXW260422C07150000,7150.0,call,2026-04-22,True,1154,2744,981385.0,69520.0,951,1284,509,0.3465743440233236,0.4679300291545189,0.35244781609663894,7128.33984375,7126.1201171875,7130.4599609375,0.003038597587205559,7.932708398179303,8,4
2026-04-22,2026-04-22 09:50:00,2026-04-22 09:55:00,QQQ,QQQ260422P00650000,650.0,put,2026-04-22,True,811,6835,591801.0,83000.0,3937,2768,130,0.5760058522311632,0.4049743964886613,0.5708574334953811,652.0299072265625,651.719970703125,652.7349853515625,-0.0031132118390041316,7.90907031032321,9,3
2026-04-22,2026-04-22 09:35:00,2026-04-22 09:40:00,SPXW,SPXW260422P07100000,7100.0,put,2026-04-22,True,754,2296,1338458.0,69300.0,655,1120,521,0.2852787456445993,0.4878048780487805,0.29351761504656854,7124.06005859375,7118.93994140625,7129.77001953125,-0.0033772958672248087,7.906933927192159,10,5
2026-04-22,2026-04-22 09:20:00,2026-04-22 09:25:00,QQQ,QQQ260422P00650000,650.0,put,2026-04-22,True,1040,8134,735708.0,38448.0,4126,3465,543,0.507253503811163,0.4259896729776248,0.505644902597226,652.0999755859375,651.5999755859375,652.4500122070312,-0.003220327656124491,7.906252674601657,11,4
2026-04-22,2026-04-22 08:45:00,2026-04-22 08:50:00,QQQ,QQQ260422P00647000,647.0,put,2026-04-22,True,819,8561,880762.0,100800.0,4850,3414,297,0.566522602499708,0.3987851886461862,0.5765836854905184,649.4299926757812,648.8109741210938,650.1199951171875,-0.0037417315233150765,7.898923290552624,12,5
2026-04-22,2026-04-22 08:40:00,2026-04-22 08:45:00,SPXW,SPXW260422C07135000,7135.0,call,2026-04-22,True,391,1189,568718.0,74520.0,677,288,224,0.5693860386879731,0.24222035323801513,0.5662032852837434,7112.41015625,7109.93017578125,7114.759765625,0.0031761165700137906,7.868266051864142,13,6
2026-04-22,2026-04-22 08:45:00,2026-04-22 08:50:00,SPXW,SPXW260422C07140000,7140.0,call,2026-04-22,True,941,2297,951055.0,19750.0,964,808,525,0.4196778406617327,0.35176316935132784,0.4331421421474047,7114.9501953125,7108.27001953125,7118.41015625,0.0035207280444497576,7.855129818594218,14,7
2026-04-22,2026-04-22 09:10:00,2026-04-22 09:15:00,SPY,SPY260422C00712000,712.0,call,2026-04-22,True,1166,7628,360647.0,10927.0,5112,2442,74,0.670162558993183,0.32013633980073414,0.6702260104756175,709.8049926757812,709.530029296875,710.1500244140625,0.003092408967065926,7.799586848476623,15,3
2026-04-22,2026-04-22 09:30:00,2026-04-22 09:35:00,QQQ,QQQ260422P00650000,650.0,put,2026-04-22,True,964,6977,610247.0,36400.0,3572,2829,576,0.5119678945105346,0.4054751325784721,0.5160975801601646,652.1950073242188,651.85009765625,652.9099731445312,-0.0033655690392728954,7.791933233132188,16,6
2026-04-22,2026-04-22 08:30:00,2026-04-22 08:35:00,SPXW,SPXW260422C07135000,7135.0,call,2026-04-22,True,502,1147,642833.0,23994.0,445,458,244,0.38796861377506536,0.3993025283347864,0.38723432057781726,7113.419921875,7109.18994140625,7117.080078125,0.0030337135108019584,7.785219106215538,17,8
2026-04-22,2026-04-22 08:30:00,2026-04-22 08:35:00,QQQ,QQQ260422P00647000,647.0,put,2026-04-22,True,1027,10228,1143630.0,86360.0,2856,6839,533,0.2792334767305436,0.6686546734454438,0.2727053330185462,649.2698974609375,648.5465087890625,650.3599853515625,-0.0034960768546551404,7.782168195734037,18,7
2026-04-22,2026-04-22 09:00:00,2026-04-22 09:05:00,SPXW,SPXW260422C07145000,7145.0,call,2026-04-22,True,839,1988,738834.0,14060.0,856,883,249,0.4305835010060362,0.4441649899396378,0.4357825979854744,7120.5400390625,7117.2998046875,7123.14013671875,0.003435127223962697,7.773791891396525,19,9
2026-04-22,2026-04-22 09:20:00,2026-04-22 09:25:00,SPY,SPY260422P00708000,708.0,put,2026-04-22,True,993,12323,756146.0,189240.0,5041,7057,225,0.40907246612026293,0.5726689929400308,0.4153192637400714,710.4400024414062,710.1536865234375,710.7000122070312,-0.0034344947258336425,7.763577079431466,20,4
2026-04-22,2026-04-22 08:50:00,2026-04-22 08:55:00,SPXW,SPXW260422P07085000,7085.0,put,2026-04-22,True,380,870,569667.0,15120.0,473,239,158,0.5436781609195402,0.2747126436781609,0.539695997837333,7109.490234375,7106.39990234375,7115.35986328125,-0.003444724384961892,7.7619005068366125,21,10
2026-04-22,2026-04-22 09:40:00,2026-04-22 09:45:00,SPXW,SPXW260422C07150000,7150.0,call,2026-04-22,True,1020,2912,771102.0,101200.0,1240,1353,319,0.4258241758241758,0.4646291208791209,0.42420068940295835,7125.0,7120.0400390625,7130.43994140625,0.0035087719298245615,7.758681503219835,22,11
2026-04-22,2026-04-22 08:45:00,2026-04-22 08:50:00,SPXW,SPXW260422P07090000,7090.0,put,2026-04-22,True,470,968,680117.0,16200.0,394,388,186,0.40702479338842973,0.40082644628099173,0.410799906486678,7113.72021484375,7108.27001953125,7118.41015625,-0.00333443179199746,7.743054637921573,23,12
2026-04-22,2026-04-22 10:20:00,2026-04-22 10:25:00,SPY,SPY260422P00708000,708.0,put,2026-04-22,True,955,7603,395283.0,43442.0,4379,3138,86,0.5759568591345522,0.4127318163882678,0.583498404940258,710.219970703125,709.8900146484375,710.4600219726562,-0.0031257508866263032,7.742682374614992,24,5
2026-04-22,2026-04-22 09:55:00,2026-04-22 10:00:00,SPXW,SPXW260422P07100000,7100.0,put,2026-04-22,True,399,971,581680.0,30750.0,390,359,222,0.4016477857878476,0.36972193614830073,0.40076502544354287,7121.91015625,7120.14990234375,7124.52978515625,-0.0030764437867518207,7.742516767674126,25,13
2026-04-22,2026-04-22 09:00:00,2026-04-22 09:05:00,SPY,SPY260422P00707000,707.0,put,2026-04-22,True,1233,14291,888130.0,53250.0,5913,8294,84,0.413756909943321,0.5803652648520048,0.42757028813349396,709.6900024414062,709.2899780273438,709.9199829101562,-0.003790390779287247,7.738930083618121,26,6
2026-04-22,2026-04-22 09:10:00,2026-04-22 09:15:00,SPXW,SPXW260422P07100000,7100.0,put,2026-04-22,True,417,1120,759488.0,51475.0,285,489,346,0.2544642857142857,0.43660714285714286,0.25806596022583633,7121.509765625,7119.27978515625,7124.8798828125,-0.0030203940362233364,7.732469237532761,27,14
2026-04-22,2026-04-22 08:40:00,2026-04-22 08:45:00,SPXW,SPXW260422P07090000,7090.0,put,2026-04-22,True,352,813,600620.0,13515.0,321,290,202,0.3948339483394834,0.35670356703567035,0.3940461523092804,7112.2998046875,7109.8798828125,7114.759765625,-0.0031353859229616386,7.732030888140028,28,15
2026-04-22,2026-04-22 09:05:00,2026-04-22 09:10:00,SPY,SPY260422P00707000,707.0,put,2026-04-22,True,1061,7524,542624.0,25839.0,2986,4426,112,0.3968633705475811,0.5882509303561935,0.39294059975231466,709.14501953125,708.7752075195312,709.77001953125,-0.0030247967230565527,7.720001381682105,29,7
2026-04-22,2026-04-22 08:50:00,2026-04-22 08:55:00,SPY,SPY260422P00706000,706.0,put,2026-04-22,True,803,9960,649380.0,68733.0,4920,4831,209,0.4939759036144578,0.4850401606425703,0.5064661677292186,708.5999755859375,708.239990234375,709.1900024414062,-0.003669172559295665,7.71821397755377,30,8
2026-04-22,2026-04-22 09:35:00,2026-04-22 09:40:00,QQQ,QQQ260422P00650000,650.0,put,2026-04-22,True,994,9100,794378.0,79380.0,3502,5034,564,0.38483516483516483,0.5531868131868132,0.38193152378338774,652.3175048828125,651.6900024414062,653.0599975585938,-0.0035527252686999946,7.716141697914656,31,8
2026-04-22,2026-04-22 08:35:00,2026-04-22 08:40:00,SPXW,SPXW260422C07135000,7135.0,call,2026-04-22,True,416,1684,841071.0,230824.0,478,894,312,0.2838479809976247,0.5308788598574822,0.29098851345486887,7111.1201171875,7106.27978515625,7113.6298828125,0.003358104267537625,7.708390408378245,32,16
2026-04-22,2026-04-22 09:05:00,2026-04-22 09:10:00,SPXW,SPXW260422P07090000,7090.0,put,2026-04-22,True,428,1034,611725.0,20150.0,552,332,150,0.5338491295938105,0.32108317214700194,0.5439928072254689,7116.75,7111.89013671875,7121.47998046875,-0.003758738188077423,7.7029282903756755,33,17
2026-04-22,2026-04-22 09:35:00,2026-04-22 09:40:00,SPXW,SPXW260422C07150000,7150.0,call,2026-04-22,True,1060,2755,744576.0,13100.0,1047,1439,269,0.38003629764065333,0.5223230490018149,0.3915355853532749,7124.740234375,7118.93994140625,7129.77001953125,0.0035453595210571,7.699837345759562,34,18
2026-04-22,2026-04-22 09:40:00,2026-04-22 09:45:00,SPXW,SPXW260422P07100000,7100.0,put,2026-04-22,True,543,1237,678955.0,26950.0,464,540,233,0.37510105092966856,0.43654001616814875,0.38212989078804926,7124.14013671875,7120.0400390625,7130.43994140625,-0.0033884982967037074,7.697422032351441,35,19
2026-04-22,2026-04-22 10:40:00,2026-04-22 10:45:00,QQQ,QQQ260422P00650000,650.0,put,2026-04-22,True,395,6138,355349.0,133632.0,4856,1146,136,0.7911371782339525,0.18670576735092864,0.7967688103807806,652.5200805664062,652.25,653.1300048828125,-0.0038620735843389637,7.688803054857538,36,9
2026-04-22,2026-04-22 09:00:00,2026-04-22 09:05:00,QQQ,QQQ260422P00648000,648.0,put,2026-04-22,True,1105,7333,701033.0,27075.0,2769,4046,518,0.37760807309423156,0.5517523523796536,0.37865264545320976,650.25,649.6649780273438,650.5900268554688,-0.0034602076124567475,7.686329443383707,37,10
2026-04-22,2026-04-22 09:30:00,2026-04-22 09:35:00,SPXW,SPXW260422C07150000,7150.0,call,2026-04-22,True,1155,2608,719051.0,21180.0,1016,1277,315,0.3895705521472393,0.48964723926380366,0.38837161759040734,7124.81005859375,7120.8798828125,7129.85986328125,0.0035355246243886297,7.684474528857613,38,20
2026-04-22,2026-04-22 08:55:00,2026-04-22 09:00:00,SPXW,SPXW260422P07090000,7090.0,put,2026-04-22,True,381,800,537165.0,20367.0,358,319,123,0.4475,0.39875,0.44877086183947207,7114.0400390625,7111.68017578125,7117.0,-0.0033792386506821003,7.665107782769116,39,21
2026-04-22,2026-04-22 10:20:00,2026-04-22 10:25:00,SPXW,SPXW260422C07150000,7150.0,call,2026-04-22,True,642,2016,435501.0,24000.0,1040,815,161,0.5158730158730159,0.404265873015873,0.5262100431457103,7125.9599609375,7123.06982421875,7128.81005859375,0.003373586042341061,7.6531243842462455,40,22
2026-04-22,2026-04-22 08:55:00,2026-04-22 09:00:00,QQQ,QQQ260422P00647000,647.0,put,2026-04-22,True,598,5737,554918.0,90698.0,3122,2527,88,0.5441868572424612,0.44047411539131953,0.5401014203900396,649.449951171875,649.0800170898438,649.77001953125,-0.0037723479191187556,7.652626639632375,41,11
2026-04-22,2026-04-22 08:40:00,2026-04-22 08:45:00,SPY,SPY260422C00711000,711.0,call,2026-04-22,True,982,5663,320084.0,10696.0,3261,2366,36,0.5758431926540702,0.4177997527812114,0.5743960960247935,708.7999877929688,708.594970703125,709.2000122070312,0.0031038547473477736,7.648504994293656,42,9
2026-04-22,2026-04-22 09:10:00,2026-04-22 09:15:00,SPXW,SPXW260422C07145000,7145.0,call,2026-04-22,True,499,1126,431402.0,19350.0,557,451,118,0.4946714031971581,0.4005328596802842,0.5010431106021762,7121.5498046875,7119.27978515625,7124.8798828125,0.0032928500053548406,7.648071269880275,43,23
2026-04-22,2026-04-22 08:30:00,2026-04-22 08:35:00,SPY,SPY260422P00706000,706.0,put,2026-04-22,True,880,8614,620651.0,34500.0,4852,3655,107,0.5632690968191316,0.4243092639888554,0.5632666345498517,708.8599853515625,708.4550170898438,709.1500244140625,-0.004034626598571615,7.645726814184917,44,10
2026-04-22,2026-04-22 09:05:00,2026-04-22 09:10:00,QQQ,QQQ260422P00648000,648.0,put,2026-04-22,True,861,4682,460305.0,11663.0,2007,2328,347,0.4286629645450662,0.49722340879965826,0.43730569948186526,650.0850219726562,649.47998046875,650.7100219726562,-0.0032073065863436395,7.638160359454518,45,12
2026-04-22,2026-04-22 10:40:00,2026-04-22 10:45:00,SPY,SPY260422P00707000,707.0,put,2026-04-22,True,557,7592,341086.0,24000.0,5239,2260,93,0.690068493150685,0.29768177028451,0.6834376081105645,709.5700073242188,709.27001953125,709.9600219726562,-0.003621922146780444,7.629726131341188,46,11
2026-04-22,2026-04-22 09:20:00,2026-04-22 09:25:00,SPXW,SPXW260422P07100000,7100.0,put,2026-04-22,True,516,1755,886145.0,47223.0,632,829,294,0.36011396011396013,0.4723646723646724,0.36368765834033934,7128.10498046875,7126.0400390625,7130.4599609375,-0.0039428404247354104,7.628340812367324,47,24
2026-04-22,2026-04-22 09:50:00,2026-04-22 09:55:00,SPXW,SPXW260422C07145000,7145.0,call,2026-04-22,True,513,1255,391398.0,20196.0,637,433,185,0.5075697211155379,0.3450199203187251,0.5066121952590458,7121.75,7119.14990234375,7127.68017578125,0.003264647031979499,7.619837797393319,48,25
2026-04-22,2026-04-22 08:45:00,2026-04-22 08:50:00,SPY,SPY260422C00712000,712.0,call,2026-04-22,True,1680,12657,479672.0,8484.0,7748,4885,24,0.6121513786837324,0.3859524373864265,0.6159042012041561,709.1900024414062,708.5,709.4793701171875,0.003962263355264817,7.608170468060334,49,12
2026-04-22,2026-04-22 08:30:00,2026-04-22 08:35:00,SPXW,SPXW260422P07090000,7090.0,put,2026-04-22,True,410,844,682744.0,49200.0,232,414,198,0.27488151658767773,0.490521327014218,0.2725926555194919,7113.72998046875,7109.18994140625,7117.080078125,-0.003335799999986272,7.606111183844189,50,26
2026-04-22,2026-04-22 08:35:00,2026-04-22 08:40:00,QQQ,QQQ260422C00651000,651.0,call,2026-04-22,True,676,3666,360079.0,17020.0,1628,1620,418,0.4440807419530824,0.44189852700491,0.4475184612265642,649.0374755859375,648.6599731445312,649.4500732421875,0.003023745912808461,7.596793687314448,51,13
2026-04-22,2026-04-22 08:35:00,2026-04-22 08:40:00,SPY,SPY260422C00711000,711.0,call,2026-04-22,True,776,5674,323328.0,25080.0,3208,2282,184,0.5653859710962285,0.4021854071201974,0.5615504998020586,708.6799926757812,708.2301025390625,708.9990844726562,0.0032737023031496047,7.5890844679232465,52,13
2026-04-22,2026-04-22 08:45:00,2026-04-22 08:50:00,SPY,SPY260422P00706000,706.0,put,2026-04-22,True,790,9549,599303.0,53250.0,5145,4295,109,0.5387998743323908,0.4497853178343282,0.5571205216726764,708.9500122070312,708.4949951171875,709.4793701171875,-0.004161100439010603,7.586437566334645,53,14
2026-04-22,2026-04-22 09:25:00,2026-04-22 09:30:00,SPXW,SPXW260422C07150000,7150.0,call,2026-04-22,True,571,1336,453190.0,20944.0,444,724,168,0.3323353293413174,0.5419161676646707,0.33951322844722964,7128.39013671875,7126.740234375,7130.0498046875,0.0030315208436665587,7.586338251893546,54,27
2026-04-22,2026-04-22 09:15:00,2026-04-22 09:20:00,QQQ,QQQ260422P00649000,649.0,put,2026-04-22,True,1278,6981,581163.0,19837.0,3016,3861,104,0.43202979515828677,0.553072625698324,0.43263938000182395,651.427490234375,651.1500244140625,651.6799926757812,-0.0037264166323432574,7.57901309453877,55,14
2026-04-22,2026-04-22 09:45:00,2026-04-22 09:50:00,SPXW,SPXW260422P07100000,7100.0,put,2026-04-22,True,389,869,471489.0,19040.0,357,364,148,0.4108170310701956,0.4188722669735328,0.4134200373709673,7124.16015625,7121.080078125,7126.77978515625,-0.003391298864723638,7.569502864017946,56,28
2026-04-22,2026-04-22 10:05:00,2026-04-22 10:10:00,QQQ,QQQ260422P00650000,650.0,put,2026-04-22,True,998,9696,714981.0,39063.0,2700,6530,466,0.2784653465346535,0.673473597359736,0.3025856631155234,652.371337890625,651.6699829101562,652.655029296875,-0.003634951066814914,7.56639545144685,57,15
2026-04-22,2026-04-22 08:30:00,2026-04-22 08:35:00,SPXW,SPXW260422C07140000,7140.0,call,2026-04-22,True,565,1324,597755.0,18800.0,497,551,276,0.37537764350453173,0.4161631419939577,0.38355680839139783,7114.0400390625,7109.14990234375,7117.080078125,0.0036491165069294502,7.565345800370661,58,29
2026-04-22,2026-04-22 10:45:00,2026-04-22 10:50:00,SPXW,SPXW260422P07095000,7095.0,put,2026-04-22,True,397,1054,429845.0,13800.0,475,389,190,0.4506641366223909,0.36907020872865276,0.44365061824611196,7119.16015625,7115.66015625,7123.16015625,-0.0033936806757731805,7.558859305211183,59,30
2026-04-22,2026-04-22 08:40:00,2026-04-22 08:45:00,QQQ,QQQ260422P00647000,647.0,put,2026-04-22,True,557,3363,337567.0,37715.0,1961,1146,256,0.5831103181683022,0.3407671721677074,0.573580948374693,649.260009765625,648.9849853515625,649.6649780273438,-0.0034809009204815125,7.5576719428790335,60,16
2026-04-22,2026-04-22 09:05:00,2026-04-22 09:10:00,SPXW,SPXW260422P07095000,7095.0,put,2026-04-22,True,301,676,450048.0,20000.0,286,236,154,0.4230769230769231,0.34911242603550297,0.41934193686006827,7119.10986328125,7112.080078125,7121.60009765625,-0.0033866401480335613,7.556609693494446,61,31
2026-04-22,2026-04-22 09:15:00,2026-04-22 09:20:00,SPXW,SPXW260422P07100000,7100.0,put,2026-04-22,True,545,1357,731777.0,53000.0,397,626,334,0.29255711127487105,0.4613117170228445,0.29384634936599535,7126.18994140625,7124.759765625,7127.56005859375,-0.00367516746278051,7.555675459352529,62,32
2026-04-22,2026-04-22 08:50:00,2026-04-22 08:55:00,SPXW,SPXW260422C07135000,7135.0,call,2026-04-22,True,504,1249,562186.0,21320.0,437,634,178,0.3498799039231385,0.5076060848678943,0.3574457563866763,7109.93017578125,7106.39990234375,7115.47998046875,0.0035260295950790108,7.549517676634322,63,33
2026-04-22,2026-04-22 11:25:00,2026-04-22 11:30:00,SPY,SPY260422P00707000,707.0,put,2026-04-22,True,295,4581,171289.0,9546.0,3759,822,0,0.8205631958087753,0.17943680419122462,0.8367087203498181,709.4191284179688,709.0900268554688,709.5700073242188,-0.0034100129543497043,7.547436843410953,64,15
2026-04-22,2026-04-22 09:05:00,2026-04-22 09:10:00,SPY,SPY260422C00712000,712.0,call,2026-04-22,True,1338,9170,363695.0,10500.0,4874,4222,74,0.531515812431843,0.4604143947655398,0.5345962963472141,709.510009765625,708.7752075195312,709.7650146484375,0.003509450465959638,7.5424996811843386,65,16
2026-04-22,2026-04-22 10:35:00,2026-04-22 10:40:00,SPXW,SPXW260422P07100000,7100.0,put,2026-04-22,True,339,789,342585.0,25420.0,368,211,210,0.4664131812420786,0.2674271229404309,0.4664302289942642,7122.91015625,7121.31982421875,7125.740234375,-0.0032164039342680007,7.5362786599791445,66,34
2026-04-22,2026-04-22 08:55:00,2026-04-22 09:00:00,SPXW,SPXW260422C07140000,7140.0,call,2026-04-22,True,502,1061,413198.0,12209.0,537,360,164,0.5061262959472196,0.3393025447690858,0.509917763396725,7114.14013671875,7111.68017578125,7117.0,0.003634994923388918,7.535578548174856,67,35
2026-04-22,2026-04-22 11:15:00,2026-04-22 11:20:00,SPXW,SPXW260422P07100000,7100.0,put,2026-04-22,True,441,960,323130.0,8990.0,423,440,97,0.440625,0.4583333333333333,0.4534893077089716,7122.39013671875,7118.22998046875,7124.5400390625,-0.0031436268287691727,7.519779883710277,68,36
2026-04-22,2026-04-22 10:00:00,2026-04-22 10:05:00,SPY,SPY260422P00707000,707.0,put,2026-04-22,True,588,5392,313741.0,24000.0,3286,2050,56,0.6094213649851632,0.3801928783382789,0.6168495669995314,709.592529296875,709.2901000976562,710.1300048828125,-0.003653546493004795,7.517358279801846,69,17
2026-04-22,2026-04-22 08:35:00,2026-04-22 08:40:00,SPY,SPY260422P00706000,706.0,put,2026-04-22,True,803,8188,602367.0,145800.0,3036,4981,171,0.3707865168539326,0.6083292623351245,0.3586003217307721,708.6500244140625,708.2301025390625,708.9927978515625,-0.003739539014697186,7.516600509809487,70,18
2026-04-22,2026-04-22 09:25:00,2026-04-22 09:30:00,QQQ,QQQ260422P00650000,650.0,put,2026-04-22,True,786,6028,491650.0,35690.0,2856,3045,127,0.47378898473788983,0.5051426675514267,0.47416048001627176,652.5198974609375,652.1395874023438,652.780029296875,-0.0038617940552354594,7.507279190283636,71,17
2026-04-22,2026-04-22 09:00:00,2026-04-22 09:05:00,SPXW,SPXW260422C07150000,7150.0,call,2026-04-22,True,1214,2695,729284.0,19224.0,1014,1271,410,0.37625231910946194,0.47161410018552874,0.3786097048612063,7120.56982421875,7117.2998046875,7123.14013671875,0.004133120874842204,7.501570723455127,72,37
2026-04-22,2026-04-22 11:30:00,2026-04-22 11:35:00,SPXW,SPXW260422P07090000,7090.0,put,2026-04-22,True,574,1358,414650.0,10880.0,606,580,172,0.44624447717231225,0.4270986745213549,0.44692391173278667,7115.21484375,7112.6201171875,7116.81982421875,-0.003543792324436795,7.501468931494882,73,38
2026-04-22,2026-04-22 10:25:00,2026-04-22 10:30:00,QQQ,QQQ260422P00650000,650.0,put,2026-04-22,True,547,7211,393394.0,23600.0,4631,1944,636,0.6422132852586326,0.2695881292469838,0.6495193114282374,652.739990234375,652.489990234375,653.0700073242188,-0.004197674840469281,7.4850456950786795,74,18
2026-04-22,2026-04-22 10:05:00,2026-04-22 10:10:00,SPXW,SPXW260422C07145000,7145.0,call,2026-04-22,True,468,1025,313557.0,18750.0,402,431,192,0.3921951219512195,0.42048780487804877,0.3930704784138131,7123.47021484375,7117.52001953125,7125.97998046875,0.0030223731561882083,7.482676417234924,75,39
2026-04-22,2026-04-22 12:30:00,2026-04-22 12:35:00,QQQ,QQQ260422C00656000,656.0,call,2026-04-22,True,277,5282,147881.0,15000.0,3926,1213,143,0.7432790609617569,0.22964786065884135,0.7469113679242093,653.9598999023438,653.7025146484375,654.0800170898438,0.003119610388895251,7.4809435667237185,76,19
2026-04-22,2026-04-22 10:05:00,2026-04-22 10:10:00,SPXW,SPXW260422P07095000,7095.0,put,2026-04-22,True,355,973,470268.0,35550.0,476,336,161,0.4892086330935252,0.34532374100719426,0.48400699175789125,7123.06005859375,7117.35986328125,7125.97998046875,-0.0039393264078823,7.474555420512931,77,40
2026-04-22,2026-04-22 09:20:00,2026-04-22 09:25:00,SPXW,SPXW260422P07105000,7105.0,put,2026-04-22,True,329,887,513149.0,54153.0,209,423,255,0.23562570462232243,0.4768883878241263,0.23642255952949337,7128.1298828125,7126.0400390625,7130.2900390625,-0.0032448739280510684,7.4732047143549165,78,41
2026-04-22,2026-04-22 10:00:00,2026-04-22 10:05:00,SPXW,SPXW260422P07095000,7095.0,put,2026-04-22,True,241,672,361795.0,15540.0,312,216,144,0.4642857142857143,0.32142857142857145,0.4718528448430741,7120.2001953125,7117.1298828125,7124.64013671875,-0.0035392537598999325,7.468540477883537,79,42
2026-04-22,2026-04-22 12:10:00,2026-04-22 12:15:00,SPXW,SPXW260422P07100000,7100.0,put,2026-04-22,True,868,2831,534693.0,14800.0,846,1674,311,0.2988343341575415,0.5913104909925821,0.30391645299265185,7125.2998046875,7121.52001953125,7127.10986328125,-0.0035507003748608715,7.466811651282362,80,43
2026-04-22,2026-04-22 09:10:00,2026-04-22 09:15:00,QQQ,QQQ260422C00653000,653.0,call,2026-04-22,True,666,4478,303744.0,17250.0,2331,1880,267,0.5205448861098705,0.4198302813756141,0.522077802359882,650.739990234375,650.3499755859375,651.1900024414062,0.0034729842940972775,7.462691651797868,81,20
2026-04-22,2026-04-22 12:15:00,2026-04-22 12:20:00,SPXW,SPXW260422P07100000,7100.0,put,2026-04-22,True,455,1291,273557.0,10000.0,599,608,84,0.46398140975987606,0.47095274980635166,0.4873938521039491,7122.85986328125,7120.009765625,7124.7099609375,-0.00320936586147004,7.461633513580857,82,44
2026-04-22,2026-04-22 09:50:00,2026-04-22 09:55:00,SPY,SPY260422C00712000,712.0,call,2026-04-22,True,1104,8333,337772.0,18760.0,3027,5261,45,0.36325453018120724,0.6313452538101524,0.37602880049264,709.7501220703125,709.5,710.3400268554688,0.003169957791799594,7.453666394097586,83,19
2026-04-22,2026-04-22 08:50:00,2026-04-22 08:55:00,SPXW,SPXW260422P07080000,7080.0,put,2026-04-22,True,467,1431,808496.0,44500.0,409,777,245,0.28581411600279527,0.5429769392033543,0.28780971087055474,7109.43994140625,7106.39990234375,7115.35986328125,-0.004140964921130872,7.453198647288415,84,45
2026-04-22,2026-04-22 09:10:00,2026-04-22 09:15:00,SPXW,SPXW260422C07150000,7150.0,call,2026-04-22,True,759,1681,474698.0,15000.0,760,762,159,0.45211183819155265,0.45330160618679355,0.46409296015572005,7121.759765625,7119.27978515625,7124.8798828125,0.003965344985562239,7.450907781322453,85,46
2026-04-22,2026-04-22 08:45:00,2026-04-22 08:50:00,QQQ,QQQ260422C00652000,652.0,call,2026-04-22,True,864,4925,360732.0,7900.0,2244,2286,395,0.45563451776649744,0.46416243654822337,0.45885588192896665,649.6900024414062,648.8109741210938,650.1199951171875,0.0035555381026539383,7.4493803247024575,86,21
2026-04-22,2026-04-22 09:20:00,2026-04-22 09:25:00,SPY,SPY260422C00713000,713.0,call,2026-04-22,True,1287,8998,292865.0,30789.0,5020,3925,53,0.5579017559457657,0.4362080462324961,0.5556997251293258,710.4500122070312,710.1536865234375,710.7000122070312,0.0035892571597643404,7.445591532802842,87,20
2026-04-22,2026-04-22 08:50:00,2026-04-22 08:55:00,SPY,SPY260422C00711000,711.0,call,2026-04-22,True,1029,5963,311259.0,7200.0,2676,3224,63,0.4487673989602549,0.5406674492705015,0.4563113034482537,708.6199951171875,708.239990234375,709.1900024414062,0.0033586476520732506,7.441840320942294,88,21
2026-04-22,2026-04-22 09:30:00,2026-04-22 09:35:00,SPXW,SPXW260422P07090000,7090.0,put,2026-04-22,True,454,1486,620924.0,24500.0,838,432,216,0.5639300134589502,0.29071332436069985,0.5634763674781454,7123.8798828125,7120.8798828125,7129.85986328125,-0.004755818931512396,7.429769834009035,89,47
2026-04-22,2026-04-22 11:35:00,2026-04-22 11:40:00,SPXW,SPXW260422P07090000,7090.0,put,2026-04-22,True,464,1585,429989.0,8410.0,656,832,97,0.4138801261829653,0.5249211356466877,0.4196851547365165,7116.77978515625,7115.27001953125,7119.56005859375,-0.003762907658335257,7.424271212826411,90,48
2026-04-22,2026-04-22 09:05:00,2026-04-22 09:10:00,SPXW,SPXW260422C07145000,7145.0,call,2026-04-22,True,660,1472,480946.0,19080.0,541,786,145,0.36752717391304346,0.5339673913043478,0.3634753173953001,7118.3603515625,7111.89013671875,7121.5498046875,0.0037423854823045765,7.422856892787207,91,49
2026-04-22,2026-04-22 09:00:00,2026-04-22 09:05:00,QQQ,QQQ260422P00647000,647.0,put,2026-04-22,True,1065,12092,881522.0,32856.0,5792,6214,86,0.47899437644723786,0.5138934832947403,0.4806709305042869,650.260009765625,649.6599731445312,650.5900268554688,-0.0050133942064190815,7.421886316629415,92,22
2026-04-22,2026-04-22 08:45:00,2026-04-22 08:50:00,SPXW,SPXW260422P07085000,7085.0,put,2026-04-22,True,305,768,459992.0,24400.0,346,231,191,0.4505208333333333,0.30078125,0.4484795387745874,7113.35986328125,7108.27001953125,7118.41015625,-0.003986845010842481,7.41517725832406,93,50
2026-04-22,2026-04-22 09:00:00,2026-04-22 09:05:00,SPXW,SPXW260422P07095000,7095.0,put,2026-04-22,True,389,969,576411.0,28250.0,211,342,416,0.21775025799793601,0.35294117647058826,0.22073312271972603,7120.31005859375,7117.2998046875,7123.14013671875,-0.003554628714967603,7.415077521800152,94,51
2026-04-22,2026-04-22 09:55:00,2026-04-22 10:00:00,SPY,SPY260422P00707000,707.0,put,2026-04-22,True,442,5203,296539.0,36000.0,3099,1982,122,0.5956179127426485,0.3809340764943302,0.6084865734355346,709.7649536132812,709.5700073242188,710.0693969726562,-0.003895590503877919,7.411892705495516,95,22
2026-04-22,2026-04-22 10:55:00,2026-04-22 11:00:00,SPXW,SPXW260422P07100000,7100.0,put,2026-04-22,True,360,833,320186.0,11600.0,300,455,78,0.36014405762304924,0.5462184873949579,0.3637510696907423,7122.73046875,7119.9599609375,7124.490234375,-0.0031912577416380985,7.411777442231448,96,52
2026-04-22,2026-04-22 08:50:00,2026-04-22 08:55:00,SPXW,SPXW260422C07140000,7140.0,call,2026-04-22,True,876,1693,555109.0,9900.0,732,727,234,0.43236857649143534,0.42941523922031893,0.44573408105435147,7109.6953125,7106.39013671875,7115.47998046875,0.004262445318397742,7.41137953651254,97,53
2026-04-22,2026-04-22 09:00:00,2026-04-22 09:05:00,SPXW,SPXW260422P07090000,7090.0,put,2026-04-22,True,475,1189,615368.0,27500.0,439,430,320,0.36921783010933557,0.3616484440706476,0.37593765031655857,7119.81005859375,7117.2998046875,7123.14013671875,-0.004186917677356951,7.40899796143228,98,54
2026-04-22,2026-04-22 09:35:00,2026-04-22 09:40:00,QQQ,QQQ260422C00655000,655.0,call,2026-04-22,True,691,4628,237581.0,9646.0,3037,1560,31,0.6562229904926534,0.33707865168539325,0.6594256274702102,652.5499877929688,651.7000122070312,653.0599975585938,0.0037545203476558077,7.408883057139194,99,23
2026-04-22,2026-04-22 10:05:00,2026-04-22 10:10:00,SPXW,SPXW260422C07150000,7150.0,call,2026-04-22,True,827,2013,421620.0,6125.0,757,981,275,0.3760556383507203,0.4873323397913562,0.38624828044210424,7123.58984375,7117.52001953125,7125.97998046875,0.0037074223571660837,7.398943807273308,100,55
2026-04-22,2026-04-22 11:05:00,2026-04-22 11:10:00,SPXW,SPXW260422P07100000,7100.0,put,2026-04-22,True,410,937,310297.0,9600.0,369,517,51,0.39381003201707576,0.551760939167556,0.4032008043906322,7123.669921875,7122.58984375,7124.97021484375,-0.003322714574732838,7.398165408354936,101,56
2026-04-22,2026-04-22 12:00:00,2026-04-22 12:05:00,SPXW,SPXW260422P07095000,7095.0,put,2026-04-22,True,534,1410,358825.0,12600.0,432,847,131,0.30638297872340425,0.6007092198581561,0.3092064376785341,7117.93017578125,7112.97021484375,7120.25,-0.003221466804952639,7.397650300039243,102,57
2026-04-22,2026-04-22 08:40:00,2026-04-22 08:45:00,SPY,SPY260422P00706000,706.0,put,2026-04-22,True,543,5498,354822.0,47250.0,2964,2440,94,0.5391051291378683,0.4437977446344125,0.5426974652079071,708.8300170898438,708.6201171875,709.2000122070312,-0.003992518687996035,7.394953622306259,103,23
2026-04-22,2026-04-22 09:05:00,2026-04-22 09:10:00,QQQ,QQQ260422P00647000,647.0,put,2026-04-22,True,711,12378,922180.0,77400.0,4810,6636,932,0.3885926644045888,0.5361124575860398,0.35951766466416535,650.114990234375,649.47998046875,650.7100219726562,-0.0047914450230596975,7.386900327809041,104,24
2026-04-22,2026-04-22 08:35:00,2026-04-22 08:40:00,SPXW,SPXW260422C07140000,7140.0,call,2026-04-22,True,644,1536,578263.0,19950.0,517,783,236,0.3365885416666667,0.509765625,0.33985055243029555,7111.115234375,7106.27978515625,7113.66015625,0.004061917810777637,7.383401365208005,105,58
2026-04-22,2026-04-22 08:45:00,2026-04-22 08:50:00,SPXW,SPXW260422P07080000,7080.0,put,2026-04-22,True,521,1427,772258.0,55510.0,525,627,275,0.36790469516468116,0.4393833216538192,0.3803573417174053,7112.83984375,7108.35986328125,7118.41015625,-0.004616980625376533,7.383026132427964,106,59
2026-04-22,2026-04-22 10:40:00,2026-04-22 10:45:00,SPXW,SPXW260422P07095000,7095.0,put,2026-04-22,True,250,783,325437.0,13800.0,328,331,124,0.41890166028097064,0.4227330779054917,0.41925165239355083,7119.89013671875,7116.52978515625,7123.85009765625,-0.0034958596608656084,7.3829620164002625,107,60
2026-04-22,2026-04-22 10:25:00,2026-04-22 10:30:00,SPXW,SPXW260422P07100000,7100.0,put,2026-04-22,True,363,824,340309.0,11000.0,298,321,205,0.3616504854368932,0.3895631067961165,0.3743127569356085,7124.43994140625,7122.259765625,7128.27978515625,-0.0034304368634239545,7.377056408923155,108,61
2026-04-22,2026-04-22 09:30:00,2026-04-22 09:35:00,SPY,SPY260422P00707000,707.0,put,2026-04-22,True,773,5280,285094.0,9558.0,3516,1578,186,0.6659090909090909,0.2988636363636364,0.6621219667899009,709.9498901367188,709.6599731445312,710.590087890625,-0.004155068093820924,7.370591139357324,109,24
2026-04-22,2026-04-22 10:20:00,2026-04-22 10:25:00,SPXW,SPXW260422P07100000,7100.0,put,2026-04-22,True,560,1134,455103.0,14400.0,356,643,135,0.31393298059964725,0.5670194003527337,0.3132323891514668,7126.18994140625,7122.9599609375,7128.81005859375,-0.00367516746278051,7.368792802941468,110,62
2026-04-22,2026-04-22 09:45:00,2026-04-22 09:50:00,SPXW,SPXW260422C07150000,7150.0,call,2026-04-22,True,607,1363,353478.0,11960.0,537,687,139,0.39398385913426265,0.504035216434336,0.399130921867839,7124.3798828125,7120.93017578125,7126.830078125,0.0035961189056339196,7.368658867872033,111,63
2026-04-22,2026-04-22 12:10:00,2026-04-22 12:15:00,SPXW,SPXW260422C07150000,7150.0,call,2026-04-22,True,744,2683,261758.0,13050.0,1265,1348,70,0.4714871412597838,0.5024226612001491,0.4821399919009161,7125.43017578125,7121.52001953125,7127.10986328125,0.0034481881953262006,7.365585156158773,112,64
2026-04-22,2026-04-22 10:30:00,2026-04-22 10:35:00,SPY,SPY260422P00708000,708.0,put,2026-04-22,True,441,4807,229290.0,18400.0,1945,2780,82,0.40461826503016435,0.5783232785521115,0.41600593135330804,710.1849975585938,710.02001953125,710.4400024414062,-0.0030766596958611155,7.353395030979313,113,25
2026-04-22,2026-04-22 08:35:00,2026-04-22 08:40:00,SPXW,SPXW260422P07085000,7085.0,put,2026-04-22,True,260,612,433801.0,19500.0,188,214,210,0.30718954248366015,0.34967320261437906,0.3102920463530513,7110.9501953125,7106.27978515625,7113.6298828125,-0.003649328795694031,7.352784957598169,114,65
2026-04-22,2026-04-22 11:55:00,2026-04-22 12:00:00,SPXW,SPXW260422P07090000,7090.0,put,2026-04-22,True,350,1168,321778.0,11700.0,404,628,136,0.3458904109589041,0.5376712328767124,0.3556520333894797,7113.97021484375,7112.39990234375,7116.7900390625,-0.003369456733700491,7.35237271096119,115,66
2026-04-22,2026-04-22 12:20:00,2026-04-22 12:25:00,QQQ,QQQ260422P00652000,652.0,put,2026-04-22,True,638,7470,327694.0,42687.0,2019,5214,237,0.27028112449799196,0.697991967871486,0.2620096797622172,654.030029296875,653.4000244140625,654.22998046875,-0.0031038778128542723,7.346316150834311,116,25
2026-04-22,2026-04-22 08:40:00,2026-04-22 08:45:00,SPXW,SPXW260422C07140000,7140.0,call,2026-04-22,True,506,1321,494948.0,22250.0,391,635,295,0.2959878879636639,0.48069644208932627,0.3078242562855088,7112.490234375,7109.93017578125,7114.759765625,0.0038678106708736146,7.342041506159688,117,67
2026-04-22,2026-04-22 12:45:00,2026-04-22 12:50:00,SPXW,SPXW260422P07100000,7100.0,put,2026-04-22,True,526,2222,306603.0,28130.0,856,1151,215,0.3852385238523852,0.518001800180018,0.4020867375726917,7124.990234375,7122.39990234375,7126.97998046875,-0.0035074061230895327,7.3364427170695885,118,68
2026-04-22,2026-04-22 09:20:00,2026-04-22 09:25:00,SPXW,SPXW260422C07155000,7155.0,call,2026-04-22,True,661,1559,390693.0,13500.0,561,886,112,0.3598460551635664,0.568313021167415,0.36534824017834977,7128.31982421875,7126.0400390625,7130.2900390625,0.0037428421337947046,7.33433234173081,119,69
2026-04-22,2026-04-22 10:25:00,2026-04-22 10:30:00,SPXW,SPXW260422C07150000,7150.0,call,2026-04-22,True,498,1457,285491.0,9680.0,606,684,167,0.41592312971859985,0.46945778997940973,0.4386583114704141,7124.75,7122.27978515625,7128.27978515625,0.0035439839994385767,7.331057054677683,120,70
2026-04-22,2026-04-22 09:55:00,2026-04-22 10:00:00,QQQ,QQQ260422P00650000,650.0,put,2026-04-22,True,432,2690,219049.0,8112.0,1330,1310,50,0.4944237918215613,0.48698884758364314,0.4954599199265918,652.2000122070312,651.8699951171875,652.4149780273438,-0.003373217058960877,7.324038059752523,121,26
2026-04-22,2026-04-22 09:30:00,2026-04-22 09:35:00,SPXW,SPXW260422C07155000,7155.0,call,2026-04-22,True,560,1968,394198.0,58515.0,880,956,132,0.44715447154471544,0.48577235772357724,0.48138498926935197,7125.22998046875,7120.8798828125,7129.85986328125,0.004178113494280715,7.32366645921615,122,71
2026-04-22,2026-04-22 09:10:00,2026-04-22 09:15:00,SPXW,SPXW260422P07095000,7095.0,put,2026-04-22,True,263,810,471799.0,44375.0,221,223,366,0.27283950617283953,0.27530864197530863,0.26480768293277435,7121.47998046875,7119.27978515625,7124.5,-0.003718325480289707,7.323067975395439,123,72
2026-04-22,2026-04-22 10:30:00,2026-04-22 10:35:00,SPXW,SPXW260422C07150000,7150.0,call,2026-04-22,True,474,1346,263048.0,12190.0,549,652,145,0.4078751857355126,0.48439821693907875,0.4143768437699583,7125.9599609375,7124.27978515625,7128.35009765625,0.003373586042341061,7.322337686201741,124,73
2026-04-22,2026-04-22 08:30:00,2026-04-22 08:35:00,QQQ,QQQ260422C00652000,652.0,call,2026-04-22,True,855,4789,400878.0,34489.0,1898,2476,415,0.3963249112549593,0.5170181666318647,0.40447467808161086,649.4299926757812,648.5800170898438,650.3800048828125,0.003957327738483106,7.3202896629169185,125,27
2026-04-22,2026-04-22 09:05:00,2026-04-22 09:10:00,QQQ,QQQ260422C00653000,653.0,call,2026-04-22,True,709,4935,289477.0,11800.0,2672,2217,46,0.5414387031408308,0.4492401215805471,0.545345571496181,650.4199829101562,649.47998046875,650.7100219726562,0.0039666940709601976,7.3169529136371825,126,28
2026-04-22,2026-04-22 11:40:00,2026-04-22 11:45:00,SPXW,SPXW260422P07090000,7090.0,put,2026-04-22,True,413,1152,303644.0,15000.0,452,552,148,0.3923611111111111,0.4791666666666667,0.4093280288759205,7115.52978515625,7113.7998046875,7120.39990234375,-0.003587896604622166,7.315325181654299,127,74
2026-04-22,2026-04-22 11:40:00,2026-04-22 11:45:00,SPY,SPY260422P00707000,707.0,put,2026-04-22,True,381,4467,163643.0,16000.0,2420,1709,338,0.5417506156256996,0.382583389299306,0.5366315699418857,709.219970703125,708.9400024414062,709.6699829101562,-0.003130158194677044,7.3114841980867915,128,26
2026-04-22,2026-04-22 09:30:00,2026-04-22 09:35:00,SPXW,SPXW260422P07095000,7095.0,put,2026-04-22,True,340,792,394516.0,8820.0,313,291,188,0.3952020202020202,0.36742424242424243,0.40190258443257054,7123.2548828125,7120.8798828125,7129.7099609375,-0.003966569114447302,7.30799757208519,129,75
2026-04-22,2026-04-22 09:40:00,2026-04-22 09:45:00,SPY,SPY260422P00707000,707.0,put,2026-04-22,True,662,4534,228577.0,8100.0,3158,1358,18,0.6965152183502427,0.2995147772386414,0.6952405535115082,709.9500122070312,709.5599975585938,710.630126953125,-0.004155239321512943,7.307703185486165,130,27
2026-04-22,2026-04-22 09:55:00,2026-04-22 10:00:00,SPXW,SPXW260422C07145000,7145.0,call,2026-04-22,True,320,739,224818.0,12280.0,305,322,112,0.41271989174560214,0.435723951285521,0.4167637822594276,7122.06494140625,7120.1201171875,7124.52978515625,0.00322028214884846,7.302512149334943,131,76
2026-04-22,2026-04-22 09:15:00,2026-04-22 09:20:00,SPY,SPY260422C00713000,713.0,call,2026-04-22,True,1543,10714,324628.0,15000.0,4846,5773,95,0.4523053948105283,0.5388277020720552,0.456251463213278,710.239990234375,710.0999755859375,710.4000244140625,0.0038860241658797796,7.301831527391209,132,28
2026-04-22,2026-04-22 11:35:00,2026-04-22 11:40:00,SPXW,SPXW260422P07095000,7095.0,put,2026-04-22,True,265,699,234175.0,7350.0,238,344,117,0.34048640915593703,0.49213161659513593,0.340488950571154,7116.7001953125,7115.259765625,7119.5400390625,-0.003049193406628692,7.295273312053041,133,77
2026-04-22,2026-04-22 09:35:00,2026-04-22 09:40:00,SPXW,SPXW260422P07095000,7095.0,put,2026-04-22,True,377,938,456554.0,17360.0,337,401,200,0.35927505330490406,0.4275053304904051,0.3719143847168133,7124.419921875,7118.93994140625,7129.77001953125,-0.00412944803894396,7.292573076388484,134,78
2026-04-22,2026-04-22 09:45:00,2026-04-22 09:50:00,QQQ,QQQ260422P00650000,650.0,put,2026-04-22,True,431,3069,237113.0,13494.0,1733,1276,60,0.5646790485500163,0.4157706093189964,0.5667129174697296,652.5,652.25,652.739990234375,-0.0038314176245210726,7.292244827040764,135,29
2026-04-22,2026-04-22 10:00:00,2026-04-22 10:05:00,SPY,SPY260422C00712000,712.0,call,2026-04-22,True,950,6451,228189.0,6230.0,2783,3653,15,0.431405983568439,0.5662687955355759,0.4448593052250547,709.5850219726562,709.2901000976562,710.1199951171875,0.0034033666897732386,7.282145906648818,136,29
2026-04-22,2026-04-22 12:45:00,2026-04-22 12:50:00,SPXW,SPXW260422C07150000,7150.0,call,2026-04-22,True,409,2344,152407.0,25600.0,1504,646,194,0.6416382252559727,0.27559726962457337,0.6530671163398006,7124.89013671875,7122.39990234375,7126.97998046875,0.0035242456795009517,7.278801176505355,137,79
2026-04-22,2026-04-22 10:00:00,2026-04-22 10:05:00,SPXW,SPXW260422C07150000,7150.0,call,2026-04-22,True,688,2169,432655.0,36000.0,794,1240,135,0.3660673121254034,0.5716920239741816,0.3969513815857901,7120.22021484375,7117.1298828125,7124.83984375,0.004182424736550582,7.278366691435617,138,80
2026-04-22,2026-04-22 09:25:00,2026-04-22 09:30:00,SPXW,SPXW260422P07100000,7100.0,put,2026-04-22,True,302,1246,600184.0,57000.0,242,461,543,0.1942215088282504,0.36998394863563405,0.19479859509750344,7128.43017578125,7126.89013671875,7129.97021484375,-0.003988280039249196,7.2765997205318165,139,81
2026-04-22,2026-04-22 09:40:00,2026-04-22 09:45:00,QQQ,QQQ260422C00655000,655.0,call,2026-04-22,True,661,5043,280806.0,50344.0,1829,3037,177,0.3626809438826096,0.6022209002577831,0.36148444121564355,652.7498779296875,652.0900268554688,653.1599731445312,0.003447142843517892,7.275749517912493,140,30
2026-04-22,2026-04-22 09:35:00,2026-04-22 09:40:00,SPY,SPY260422P00707000,707.0,put,2026-04-22,True,717,7061,376342.0,14940.0,3128,3697,236,0.44299674267100975,0.5235802294292593,0.45457854823538163,709.969970703125,709.4650268554688,710.5999755859375,-0.004183234257335791,7.2751921135793856,141,30
2026-04-22,2026-04-22 08:30:00,2026-04-22 08:35:00,SPXW,SPXW260422P07075000,7075.0,put,2026-04-22,True,391,1500,780719.0,36576.0,786,401,313,0.524,0.2673333333333333,0.5179225816202757,7113.77978515625,7109.18994140625,7117.080078125,-0.005451361488187847,7.2750094401573815,142,82
2026-04-22,2026-04-22 12:00:00,2026-04-22 12:05:00,SPXW,SPXW260422P07090000,7090.0,put,2026-04-22,True,595,1579,323992.0,6095.0,692,797,90,0.4382520582647245,0.5047498416719443,0.4353255635941628,7117.8798828125,7112.97021484375,7120.2900390625,-0.00391688020471115,7.270797129380597,143,83
2026-04-22,2026-04-22 08:30:00,2026-04-22 08:35:00,SPXW,SPXW260422P07085000,7085.0,put,2026-04-22,True,347,798,567522.0,33396.0,176,350,272,0.22055137844611528,0.43859649122807015,0.2148181039677757,7113.4599609375,7109.18994140625,7117.080078125,-0.004000860494581204,7.268543422464167,144,84
2026-04-22,2026-04-22 10:00:00,2026-04-22 10:05:00,SPXW,SPXW260422P07090000,7090.0,put,2026-04-22,True,242,699,327328.0,18620.0,360,206,133,0.5150214592274678,0.2947067238912732,0.527473971062665,7120.2353515625,7117.1298828125,7124.83984375,-0.004246397776144437,7.268539121932614,145,85
2026-04-22,2026-04-22 09:00:00,2026-04-22 09:05:00,SPY,SPY260422C00713000,713.0,call,2026-04-22,True,1966,13369,343399.0,15552.0,8074,5271,24,0.6039344752786296,0.39427032687560776,0.6175061662963491,709.719970703125,709.2899780273438,709.9199829101562,0.004621582359624811,7.266831749233803,146,31
2026-04-22,2026-04-22 09:55:00,2026-04-22 10:00:00,SPXW,SPXW260422P07095000,7095.0,put,2026-04-22,True,187,542,277222.0,10735.0,250,201,91,0.4612546125461255,0.37084870848708484,0.4570993644083081,7121.91015625,7120.14990234375,7124.47998046875,-0.0037785026291555163,7.2663778346415,147,86
2026-04-22,2026-04-22 08:30:00,2026-04-22 08:35:00,SPY,SPY260422C00712000,712.0,call,2026-04-22,True,881,7960,334274.0,21744.0,4340,2929,691,0.5452261306532663,0.367964824120603,0.556328042264729,708.8900146484375,708.4600219726562,709.1799926757812,0.004387119704464799,7.264296028403166,148,32
2026-04-22,2026-04-22 11:40:00,2026-04-22 11:45:00,SPXW,SPXW260422P07095000,7095.0,put,2026-04-22,True,303,832,247040.0,26215.0,268,261,303,0.32211538461538464,0.3137019230769231,0.3413252914507772,7118.16015625,7113.7998046875,7120.39013671875,-0.0032536716990927144,7.257992818367606,149,87
2026-04-22,2026-04-22 08:30:00,2026-04-22 08:35:00,SPXW,SPXW260422C07145000,7145.0,call,2026-04-22,True,605,1472,509475.0,19020.0,531,714,227,0.3607336956521739,0.485054347826087,0.37108199617253057,7113.580078125,7109.14990234375,7117.080078125,0.0044168929751166415,7.253137834054443,150,88
2026-04-22,2026-04-22 08:35:00,2026-04-22 08:40:00,SPXW,SPXW260422C07145000,7145.0,call,2026-04-22,True,394,1348,386761.0,136224.0,796,456,96,0.5905044510385756,0.33827893175074186,0.5950238002280478,7111.06005859375,7106.27978515625,7113.6298828125,0.004772838525703832,7.250616039879728,151,89
2026-04-22,2026-04-22 08:45:00,2026-04-22 08:50:00,SPXW,SPXW260422C07145000,7145.0,call,2026-04-22,True,626,1457,443761.0,42673.0,530,695,232,0.363761153054221,0.4770075497597804,0.37817654097588566,7114.740234375,7108.27001953125,7118.41015625,0.004253108986157973,7.249393955334333,152,90
2026-04-22,2026-04-22 09:40:00,2026-04-22 09:45:00,QQQ,QQQ260422P00650000,650.0,put,2026-04-22,True,618,4893,379440.0,44000.0,1726,2998,169,0.3527488248518291,0.6127120376047415,0.35447765127556397,652.5798950195312,652.0800170898438,653.1799926757812,-0.003953378029603618,7.247608498603731,153,31
2026-04-22,2026-04-22 10:30:00,2026-04-22 10:35:00,SPXW,SPXW260422P07100000,7100.0,put,2026-04-22,True,393,753,278107.0,7875.0,290,279,184,0.3851261620185923,0.3705179282868526,0.39203615874465586,7125.89990234375,7124.2900390625,7128.35009765625,-0.0036346149537171257,7.245865154502967,154,91
2026-04-22,2026-04-22 10:10:00,2026-04-22 10:15:00,SPXW,SPXW260422P07100000,7100.0,put,2026-04-22,True,243,425,214786.0,4240.0,167,183,75,0.39294117647058824,0.43058823529411766,0.3978378479044258,7123.56005859375,7121.64990234375,7125.4599609375,-0.003307343294639247,7.237642851628073,155,92
2026-04-22,2026-04-22 09:35:00,2026-04-22 09:40:00,SPXW,SPXW260422P07090000,7090.0,put,2026-04-22,True,474,1300,553620.0,18000.0,547,540,213,0.4207692307692308,0.4153846153846154,0.44230880387269245,7124.419921875,7118.93994140625,7129.64990234375,-0.00483125956252469,7.236143490572556,156,93
2026-04-22,2026-04-22 08:30:00,2026-04-22 08:35:00,SPXW,SPXW260422C07150000,7150.0,call,2026-04-22,True,968,2847,759647.0,41250.0,1088,1435,324,0.38215665612925886,0.504039339655778,0.3820827305314179,7113.77978515625,7109.14990234375,7117.080078125,0.005091556941265992,7.235228046918698,157,94
2026-04-22,2026-04-22 12:05:00,2026-04-22 12:10:00,QQQ,QQQ260422P00651000,651.0,put,2026-04-22,True,302,2142,98212.0,9476.0,1394,732,16,0.6507936507936508,0.34173669467787116,0.6612124791267869,653.0,652.8200073242188,653.1699829101562,-0.0030627871362940277,7.234545315379828,158,32
2026-04-22,2026-04-22 12:30:00,2026-04-22 12:35:00,QQQ,QQQ260422P00652000,652.0,put,2026-04-22,True,253,2731,112009.0,10500.0,1609,1087,35,0.5891614793116074,0.39802270230684733,0.5888991063218134,653.969970703125,653.7050170898438,654.0800170898438,-0.0030123259344874173,7.234458123207816,159,33
2026-04-22,2026-04-22 12:00:00,2026-04-22 12:05:00,SPXW,SPXW260422C07140000,7140.0,call,2026-04-22,True,568,1721,172729.0,6510.0,678,895,148,0.39395700174317255,0.5200464846019756,0.4084432839882127,7118.35009765625,7112.97021484375,7120.22021484375,0.003041421403378057,7.233384635996557,160,95
2026-04-22,2026-04-22 09:30:00,2026-04-22 09:35:00,QQQ,QQQ260422C00655000,655.0,call,2026-04-22,True,815,6668,317737.0,24026.0,2616,3463,589,0.39232153569286143,0.5193461307738453,0.4003499749793068,652.4500122070312,651.8410034179688,652.9099731445312,0.003908326684435104,7.22992112719994,161,34
2026-04-22,2026-04-22 08:35:00,2026-04-22 08:40:00,SPXW,SPXW260422P07080000,7080.0,put,2026-04-22,True,335,938,553036.0,37260.0,291,487,160,0.31023454157782515,0.5191897654584222,0.3159902791138371,7111.52001953125,7106.27978515625,7113.490234375,-0.00443224788015539,7.229070103077682,162,96
2026-04-22,2026-04-22 10:35:00,2026-04-22 10:40:00,SPXW,SPXW260422C07145000,7145.0,call,2026-04-22,True,334,698,167419.0,9000.0,291,322,85,0.4169054441260745,0.46131805157593125,0.4296644944719536,7123.0498046875,7121.31982421875,7125.7998046875,0.003081572628911724,7.229000043391216,163,97
2026-04-22,2026-04-22 09:05:00,2026-04-22 09:10:00,SPXW,SPXW260422C07150000,7150.0,call,2026-04-22,True,887,2316,536183.0,41600.0,747,1360,209,0.3225388601036269,0.5872193436960277,0.3343224235009316,7118.259765625,7111.89013671875,7121.60986328125,0.004458987929645067,7.225939894882049,164,98
2026-04-22,2026-04-22 09:05:00,2026-04-22 09:10:00,SPXW,SPXW260422P07080000,7080.0,put,2026-04-22,True,455,1715,769351.0,38000.0,567,763,385,0.3306122448979592,0.4448979591836735,0.33325361246037244,7115.580078125,7111.89013671875,7121.47021484375,-0.005000306051558845,7.2192868841033455,165,99
2026-04-22,2026-04-22 10:45:00,2026-04-22 10:50:00,SPY,SPY260422P00707000,707.0,put,2026-04-22,True,563,4602,201654.0,9116.0,2310,2274,18,0.5019556714471969,0.4941329856584094,0.4871215051523897,709.5449829101562,709.1699829101562,709.9177856445312,-0.0035867816297116993,7.215696010970757,166,33
2026-04-22,2026-04-22 08:50:00,2026-04-22 08:55:00,QQQ,QQQ260422P00646000,646.0,put,2026-04-22,True,626,4679,389867.0,19200.0,2328,2123,228,0.4975422098739047,0.45372942936524896,0.5048465245840248,648.989990234375,648.530029296875,649.7222900390625,-0.004607143837912201,7.213620963377194,167,35
2026-04-22,2026-04-22 10:45:00,2026-04-22 10:50:00,SPXW,SPXW260422P07090000,7090.0,put,2026-04-22,True,379,1003,328057.0,12000.0,426,450,127,0.4247258225324028,0.44865403788634095,0.43534202897667174,7119.419921875,7115.66015625,7123.18994140625,-0.004132348168508067,7.211588211322302,168,100
2026-04-22,2026-04-22 09:50:00,2026-04-22 09:55:00,SPXW,SPXW260422P07095000,7095.0,put,2026-04-22,True,236,634,318403.0,16169.0,215,210,209,0.3391167192429022,0.3312302839116719,0.3417838399763821,7121.97998046875,7119.14013671875,7127.68017578125,-0.0037882696304594567,7.2082814658307335,169,101
2026-04-22,2026-04-22 08:40:00,2026-04-22 08:45:00,SPXW,SPXW260422P07085000,7085.0,put,2026-04-22,True,225,541,344947.0,11645.0,174,177,190,0.32162661737523107,0.32717190388170053,0.3219190194435667,7112.2998046875,7109.93017578125,7114.759765625,-0.0038383934082063765,7.208154628242867,170,102
2026-04-22,2026-04-22 11:30:00,2026-04-22 11:35:00,QQQ,QQQ260422P00650000,650.0,put,2026-04-22,True,350,3657,179043.0,11520.0,1791,1819,47,0.48974569319114025,0.4974022422750889,0.5116424546058768,652.2999877929688,652.0599975585938,652.7299194335938,-0.003525966328392352,7.206812327900476,171,36
2026-04-22,2026-04-22 12:00:00,2026-04-22 12:05:00,QQQ,QQQ260422P00650000,650.0,put,2026-04-22,True,531,9355,340322.0,28404.0,3921,4971,463,0.41913415285943345,0.5313735970069482,0.43335135548098563,652.739990234375,652.239990234375,653.0230102539062,-0.004197674840469281,7.205940204288909,172,37
2026-04-22,2026-04-22 10:20:00,2026-04-22 10:25:00,QQQ,QQQ260422P00650000,650.0,put,2026-04-22,True,833,11421,633561.0,76720.0,2451,8707,263,0.2146046755975834,0.7623675685141407,0.2110309820206736,652.8461303710938,652.580078125,653.1799926757812,-0.004359573012213368,7.204948199455115,173,38
2026-04-22,2026-04-22 11:10:00,2026-04-22 11:15:00,SPXW,SPXW260422P07100000,7100.0,put,2026-04-22,True,261,556,192115.0,4420.0,186,303,67,0.3345323741007194,0.5449640287769785,0.33462769695234623,7121.68994140625,7120.35009765625,7124.4501953125,-0.0030456172038805583,7.204506071510609,174,103
2026-04-22,2026-04-22 10:00:00,2026-04-22 10:05:00,QQQ,QQQ260422C00654000,654.0,call,2026-04-22,True,374,2729,165737.0,6000.0,1321,1352,56,0.48406009527299376,0.49541956760718214,0.4834466655001599,651.8300170898438,651.6400146484375,652.4500122070312,0.003329062567330578,7.204149989105129,175,39
2026-04-22,2026-04-22 08:30:00,2026-04-22 08:35:00,SPXW,SPXW260422P07080000,7080.0,put,2026-04-22,True,394,982,595630.0,32940.0,324,460,198,0.329938900203666,0.4684317718940937,0.32845894263217096,7113.27490234375,7109.14990234375,7117.080078125,-0.004677859748227398,7.200078310969047,176,104
2026-04-22,2026-04-22 08:40:00,2026-04-22 08:45:00,QQQ,QQQ260422P00646000,646.0,put,2026-04-22,True,598,4157,330756.0,8100.0,2855,1161,141,0.686793360596584,0.2792879480394515,0.6819679763934744,649.2509155273438,648.9500122070312,649.6621704101562,-0.005007178965166719,7.199323331023342,177,40
2026-04-22,2026-04-22 08:45:00,2026-04-22 08:50:00,SPXW,SPXW260422C07155000,7155.0,call,2026-04-22,True,501,5641,959232.0,390053.0,2584,2667,390,0.45807480943095197,0.4727885126750576,0.4120202411929544,7114.77001953125,7108.27001953125,7118.41015625,0.0056544316061252695,7.197614870513072,178,105
2026-04-22,2026-04-22 12:20:00,2026-04-22 12:25:00,SPXW,SPXW260422P07100000,7100.0,put,2026-04-22,True,473,1351,240473.0,7020.0,528,758,65,0.3908216136195411,0.5610658771280533,0.39868509146556996,7125.72021484375,7120.8701171875,7127.93994140625,-0.003609489857624726,7.1969062615951405,179,106
2026-04-22,2026-04-22 10:15:00,2026-04-22 10:20:00,SPY,SPY260422C00712000,712.0,call,2026-04-22,True,464,10490,360957.0,23380.0,1138,9313,39,0.10848427073403241,0.8877979027645376,0.10924015880007867,709.7050170898438,709.5599975585938,709.969970703125,0.003233713803471282,7.196582689389016,180,34
2026-04-22,2026-04-22 11:40:00,2026-04-22 11:45:00,SPXW,SPXW260422C07140000,7140.0,call,2026-04-22,True,520,1409,166268.0,5175.0,518,785,106,0.36763662171753014,0.5571327182398864,0.3923424832198619,7118.169921875,7113.7998046875,7120.39013671875,0.003066810481429155,7.19311062358534,181,107
2026-04-22,2026-04-22 09:50:00,2026-04-22 09:55:00,SPY,SPY260422P00707000,707.0,put,2026-04-22,True,582,4311,245534.0,11948.0,1915,2359,37,0.44421247970308514,0.5472048248666203,0.4442276833350982,709.7000122070312,709.5,710.3201293945312,-0.0038044415395100933,7.193008629238185,182,35
2026-04-22,2026-04-22 10:35:00,2026-04-22 10:40:00,SPXW,SPXW260422P07095000,7095.0,put,2026-04-22,True,226,714,258294.0,21080.0,318,192,204,0.44537815126050423,0.2689075630252101,0.4533438639689656,7122.91015625,7121.31982421875,7125.7998046875,-0.003918364213187531,7.18995059932026,183,108
2026-04-22,2026-04-22 08:45:00,2026-04-22 08:50:00,QQQ,QQQ260422P00646000,646.0,put,2026-04-22,True,614,7750,581348.0,77922.0,3568,4004,178,0.46038709677419354,0.5166451612903226,0.47469673930244877,649.3599853515625,648.8109741210938,650.0999755859375,-0.005174303048167357,7.186842754608491,184,41
2026-04-22,2026-04-22 13:25:00,2026-04-22 13:30:00,QQQ,QQQ260422P00650000,650.0,put,2026-04-22,True,286,10110,179398.0,22838.0,9433,648,29,0.9330365974282888,0.06409495548961425,0.9355455467730966,653.280029296875,653.0449829101562,653.3499755859375,-0.005020862646613113,7.183106770673979,185,42
2026-04-22,2026-04-22 08:45:00,2026-04-22 08:50:00,SPXW,SPXW260422C07150000,7150.0,call,2026-04-22,True,918,4442,938674.0,200400.0,746,3348,348,0.16794236830256642,0.7537145429986493,0.1848575756865536,7114.9599609375,7108.27001953125,7118.41015625,0.004924839950593758,7.179920841839042,186,109
2026-04-22,2026-04-22 10:00:00,2026-04-22 10:05:00,SPXW,SPXW260422C07145000,7145.0,call,2026-04-22,True,412,841,234209.0,9360.0,292,488,61,0.34720570749108204,0.5802615933412604,0.3493631756251895,7120.2802734375,7117.1298828125,7124.83984375,0.0034717350459809795,7.177448095915246,187,110
2026-04-22,2026-04-22 10:15:00,2026-04-22 10:20:00,QQQ,QQQ260422P00650000,650.0,put,2026-04-22,True,309,4100,277842.0,40200.0,1404,1882,814,0.34243902439024393,0.45902439024390246,0.3434973834049568,652.4299926757812,652.1950073242188,652.719970703125,-0.003724526314026785,7.1699389488043055,188,43
2026-04-22,2026-04-22 10:45:00,2026-04-22 10:50:00,SPY,SPY260422C00712000,712.0,call,2026-04-22,True,536,5116,121839.0,5700.0,3072,2009,35,0.6004691164972635,0.39268960125097735,0.6153284252168846,709.52001953125,709.1699829101562,709.9177856445312,0.003495293156616523,7.152530368559915,189,36
2026-04-22,2026-04-22 10:40:00,2026-04-22 10:45:00,SPY,SPY260422C00712000,712.0,call,2026-04-22,True,962,8790,213233.0,12580.0,3265,5514,11,0.3714448236632537,0.6273037542662117,0.37834669117819475,709.5,709.27001953125,709.9600219726562,0.0035236081747709656,7.150120692549411,190,37
2026-04-22,2026-04-22 11:00:00,2026-04-22 11:05:00,SPY,SPY260422P00707000,707.0,put,2026-04-22,True,323,3349,134389.0,13727.0,1932,1396,21,0.5768886234696925,0.41684084801433263,0.6008899537908609,709.5549926757812,709.4000244140625,709.9293212890625,-0.003600838133977741,7.149005467535621,191,38
2026-04-22,2026-04-22 11:50:00,2026-04-22 11:55:00,SPY,SPY260422P00707000,707.0,put,2026-04-22,True,187,2167,83457.0,8358.0,1347,803,17,0.6215966774342409,0.37055837563451777,0.6509340139233377,709.2000122070312,708.9600219726562,709.3663940429688,-0.003102104017433403,7.14177078169576,192,39
2026-04-22,2026-04-22 14:25:00,2026-04-22 14:30:00,SPY,SPY260422C00713000,713.0,call,2026-04-22,True,177,19065,75975.0,8600.0,15369,3355,341,0.8061369000786782,0.17597692105953316,0.8102928594932544,710.489990234375,710.3200073242188,710.5700073242188,0.0035327869500272665,7.131133199480869,193,40
2026-04-22,2026-04-22 12:25:00,2026-04-22 12:30:00,SPY,SPY260422P00708000,708.0,put,2026-04-22,True,269,2944,80313.0,6020.0,1822,1122,0,0.6188858695652174,0.3811141304347826,0.6262497976666294,710.159912109375,710.02001953125,710.25,-0.0030414447120219058,7.118607640332327,194,41
2026-04-22,2026-04-22 09:55:00,2026-04-22 10:00:00,SPY,SPY260422C00712000,712.0,call,2026-04-22,True,467,2956,116665.0,3900.0,1366,1548,42,0.4621109607577808,0.523680649526387,0.47344104915784513,709.8099975585938,709.5700073242188,710.0693969726562,0.0030853361447976345,7.114784513659324,195,42
2026-04-22,2026-04-22 09:25:00,2026-04-22 09:30:00,SPY,SPY260422P00708000,708.0,put,2026-04-22,True,487,2733,163688.0,15750.0,1211,1497,25,0.44310281741675817,0.5477497255762898,0.4382300474072626,710.4600219726562,710.27001953125,710.6300048828125,-0.0034625762134029405,7.11347667892652,196,43
2026-04-22,2026-04-22 10:05:00,2026-04-22 10:10:00,SPY,SPY260422P00707000,707.0,put,2026-04-22,True,654,4457,228206.0,27730.0,2188,2136,133,0.4909131702939197,0.4792461296836437,0.4854342129479505,709.9201049804688,709.3300170898438,710.219970703125,-0.0041132867768959545,7.109777141673663,197,44
2026-04-22,2026-04-22 12:00:00,2026-04-22 12:05:00,SPY,SPY260422P00707000,707.0,put,2026-04-22,True,589,5958,171155.0,9725.0,2248,3627,83,0.37730782141658276,0.6087613293051359,0.38629896877099706,709.4274291992188,708.9100952148438,709.6900024414062,-0.003421673731954179,7.093188977439342,198,45
2026-04-22,2026-04-22 10:35:00,2026-04-22 10:40:00,SPY,SPY260422C00712000,712.0,call,2026-04-22,True,576,4697,146951.0,6000.0,1491,3181,25,0.3174366616989568,0.6772407919948904,0.32847003422909676,709.8400268554688,709.6701049804688,710.1900024414062,0.003042901305664247,7.082775143677162,199,46
2026-04-22,2026-04-22 09:10:00,2026-04-22 09:15:00,SPY,SPY260422P00707000,707.0,put,2026-04-22,True,478,2692,160184.0,24000.0,1340,1323,29,0.49777117384843983,0.4914561664190193,0.5041639614443391,709.77001953125,709.530029296875,710.1300048828125,-0.0039027001071127105,7.037975774877536,200,47
